{"id":"APP_MODEL-038eda4e-6c1f-4ee9-86e0-f3ecbd8b926c","name":"Demo App","key":"DMO_APP_001","description":"","editorJson":{"models":[],"cmmnModels":[{"id":"CASE_MODEL-3b764a56-2aaa-4488-90bb-c862a2ce4710","name":"DPR_C002 Demo case","version":2,"modelType":5,"description":"","createdBy":"admin","lastUpdatedBy":"admin","lastUpdated":"2022-05-04T05:42:17.502+00:00","key":"DPR_C002","tenantId":"default","tags":[]}],"formModels":[],"dmnModels":[],"decisionServiceModels":[],"workModels":[{"id":"ACTION_MODEL-b4a21f65-39ad-4b49-affa-1befc8755e5a","name":"DPR_A001 Create demo case","version":1,"modelType":6,"createdBy":"admin","lastUpdatedBy":"admin","lastUpdated":"2022-05-04T05:42:17.486+00:00","key":"DPR_A001","tenantId":"default","defaultTenantModel":true,"tags":[]}],"linkedModels":[],"pages":[{"id":"PAGE_MODEL-c9ace4d6-c7d6-4c17-878d-2ca54d3e9312","name":"Demo Dashboard","version":1,"modelType":9,"description":"","createdBy":"admin","lastUpdatedBy":"admin","lastUpdated":"2022-05-04T05:42:17.475+00:00","key":"DPR_PG001","tenantId":"default","tags":[],"accessPermissions":"","label":"Demo Dashboard","url":"DPR_PG001","i18n":{}}],"theme":"theme-1","icon":"glyphicon-asterisk","flowApp":true,"i18n":{}}}