{"id":"CASE_MODEL-3b764a56-2aaa-4488-90bb-c862a2ce4710","name":"DPR_C002 Demo case","key":"DPR_C002","description":"","tenantId":"default","editorJson":{"resourceId":"editor_CASE_MODEL-3b764a56-2aaa-4488-90bb-c862a2ce4710","stencil":{"id":"CASEDiagram"},"pathProperties":{},"xmlProperties":["caseinstancename","caseinstancename_en_us","caseinstancename_en_us-run","caseinstancename_de_de","caseinstancename_de_de-run","caseinstancename_fr_fr","caseinstancename_fr_fr-run","caseinstancename_it_it","caseinstancename_it_it-run","caseinstancename_es_es","caseinstancename_es_es-run","caseinstancename-run","caseinstancename_i18n-key"],"childShapes":[{"resourceId":"onecaseplanmodel1","stencil":{"id":"CasePlanModel"},"pathProperties":{},"xmlProperties":["planitemlifecyclelisteners","autocomplete","autocomplete-run"],"childShapes":[{"resourceId":"expandedStage1","stencil":{"id":"ExpandedStage"},"pathProperties":{},"xmlProperties":["planitemlifecyclelisteners","autocomplete","autocomplete-run","statevisible","statevisible-run","visualizationorder"],"childShapes":[{"resourceId":"humanTask1","stencil":{"id":"Task"},"pathProperties":{},"xmlProperties":["planitemlifecyclelisteners","exposetoobjectitems","exposeasmessageitems","exposehumantaskasmessageitems","exposehumantasktoobjectitems"],"childShapes":[],"bounds":{"lowerRight":{"x":145,"y":125},"upperLeft":{"x":45,"y":45}},"specialproperties":{"startformreference":{"type":"treeview"},"form_entry":{"type":"treeview"},"securitypolicy":{"type":"treeview"}},"outputmappingproperties":{"planitemlifecyclelisteners":{"type":"complex","placeholders":[]},"exposetoobjectitems":{"type":"complex","placeholders":[]},"exposeasmessageitems":{"type":"complex","placeholders":[]},"exposehumantaskasmessageitems":{"type":"complex","placeholders":[]},"exposehumantasktoobjectitems":{"type":"complex","placeholders":[]},"tasklistener":{"type":"complex","placeholders":[]}},"properties":{"stencilid":"HumanTask","stencilsuperid":"Task","stencilsuperids":["Task"],"customstencil":false,"bordercolor":"#000000","notes":"","planitemlifecyclelisteners":"","required":false,"required-run":"","repetition":false,"repetition-run":"","repetitioncountervariablename":"repetitionCounter","maxinstancecount":"unlimited","collectionvariable":"","elementvariable":"","elementindexvariable":"","manualactivation":false,"manualactivation-run":"","startformreference":"","startformsamedeployment":true,"startformfieldvalidation":false,"formfieldvalidation-run":"","manualactivationpermissiongroups":"","manualactivationpermissiongroups-run":"","manualactivationname":"","manualactivationname_en_us":"","manualactivationname_en_us-run":"","manualactivationname_de_de":"","manualactivationname_de_de-run":"","manualactivationname_fr_fr":"","manualactivationname_fr_fr-run":"","manualactivationname_it_it":"","manualactivationname_it_it-run":"","manualactivationname_es_es":"","manualactivationname_es_es-run":"","manualactivationname-run":"","manualactivationname_i18n-key":"","manualactivationchannels":"","manualactivationchannels-run":"","manualactivationpriority":"","manualactivationpriority-run":"","completionneutral":false,"completionneutral-run":"","impactparentcompletion":"default","bgcolor":"#ffffff","isblocking":true,"isblocking-run":"","id":"humanTask1","name":"decide the dates ","name_en_us":"decide the dates ","name_de_de":"","name_fr_fr":"","name_it_it":"","name_es_es":"","name_i18n-key":"","description":"","fontsize":"12","fontweight":"normal","fontstyle":"normal","fontcolor":"#000000","async":false,"exclusive":true,"exposetoobjectitems":"","exposeasmessageitems":"","exposehumantaskasmessageitems":"","exposehumantasktoobjectitems":"","customcaseviewheadersize":"","customcaseviewheadersize-run":"","availablestaterendering":"readOnly","activestaterendering":"fullAccess","completedstaterendering":"hidden","terminatedstaterendering":"hidden","owner":"","owner-run":"","assignee":"","assignee-run":"${initiator}","candidateusers":"","candidateusers-run":"","candidategroups":"","candidategroups-run":"","participantusers":"","participantusers-run":"","participantgroups":"","participantgroups-run":"","watcherusers":"","watcherusers-run":"","watchergroups":"","watchergroups-run":"","isdiscretionary":false,"applicabilityrule":"","tasktype":"human","name_en_us-run":"decide the dates ","name_de_de-run":"","name_fr_fr-run":"","name_it_it-run":"","name_es_es-run":"","name-run":"decide the dates ","form_entry":"","samedeployment":true,"formfieldvalidation":false,"taskidvariablename":"","securitypolicy":"","priority":"","duedate":"","tasklistener":"","customfolderpath":"","categorydefinition":"","candidatestype":"all","exposetocaseview":true,"elementlabel":"","elementlabel_en_us":"","elementlabel_de_de":"","elementlabel_fr_fr":"","elementlabel_it_it":"","elementlabel_es_es":"","elementlabel_i18n-key":"","elementicon":"","elementindex":"1"},"ssextensions":[],"outgoing":[{"resourceId":"connector1"}],"dockers":[],"labels":[{"styles":{"fill":"#000000","size":"12","italic":false,"bold":false},"ref":"text_name"}]},{"resourceId":"humanTask2","stencil":{"id":"Task"},"pathProperties":{},"xmlProperties":["planitemlifecyclelisteners","exposetoobjectitems","exposeasmessageitems","exposehumantaskasmessageitems","exposehumantasktoobjectitems"],"childShapes":[],"bounds":{"lowerRight":{"x":310,"y":125},"upperLeft":{"x":210,"y":45}},"specialproperties":{"startformreference":{"type":"treeview"},"form_entry":{"type":"treeview"},"securitypolicy":{"type":"treeview"}},"outputmappingproperties":{"planitemlifecyclelisteners":{"type":"complex","placeholders":[]},"exposetoobjectitems":{"type":"complex","placeholders":[]},"exposeasmessageitems":{"type":"complex","placeholders":[]},"exposehumantaskasmessageitems":{"type":"complex","placeholders":[]},"exposehumantasktoobjectitems":{"type":"complex","placeholders":[]},"tasklistener":{"type":"complex","placeholders":[]}},"properties":{"stencilid":"HumanTask","stencilsuperid":"Task","stencilsuperids":["Task"],"customstencil":false,"bordercolor":"#000000","notes":"","planitemlifecyclelisteners":"","required":false,"required-run":"","repetition":false,"repetition-run":"","repetitioncountervariablename":"repetitionCounter","maxinstancecount":"unlimited","collectionvariable":"","elementvariable":"","elementindexvariable":"","manualactivation":false,"manualactivation-run":"","startformreference":"","startformsamedeployment":true,"startformfieldvalidation":false,"formfieldvalidation-run":"","manualactivationpermissiongroups":"","manualactivationpermissiongroups-run":"","manualactivationname":"","manualactivationname_en_us":"","manualactivationname_en_us-run":"","manualactivationname_de_de":"","manualactivationname_de_de-run":"","manualactivationname_fr_fr":"","manualactivationname_fr_fr-run":"","manualactivationname_it_it":"","manualactivationname_it_it-run":"","manualactivationname_es_es":"","manualactivationname_es_es-run":"","manualactivationname-run":"","manualactivationname_i18n-key":"","manualactivationchannels":"","manualactivationchannels-run":"","manualactivationpriority":"","manualactivationpriority-run":"","completionneutral":false,"completionneutral-run":"","impactparentcompletion":"default","bgcolor":"#ffffff","isblocking":true,"isblocking-run":"","id":"humanTask2","name":"confirm the training","name_en_us":"confirm the training","name_de_de":"","name_fr_fr":"","name_it_it":"","name_es_es":"","name_i18n-key":"","description":"","fontsize":"12","fontweight":"normal","fontstyle":"normal","fontcolor":"#000000","async":false,"exclusive":true,"exposetoobjectitems":"","exposeasmessageitems":"","exposehumantaskasmessageitems":"","exposehumantasktoobjectitems":"","customcaseviewheadersize":"","customcaseviewheadersize-run":"","availablestaterendering":"readOnly","activestaterendering":"fullAccess","completedstaterendering":"hidden","terminatedstaterendering":"hidden","owner":"","owner-run":"","assignee":"","assignee-run":"${initiator}","candidateusers":"","candidateusers-run":"","candidategroups":"","candidategroups-run":"","participantusers":"","participantusers-run":"","participantgroups":"","participantgroups-run":"","watcherusers":"","watcherusers-run":"","watchergroups":"","watchergroups-run":"","isdiscretionary":false,"applicabilityrule":"","tasktype":"human","name_en_us-run":"confirm the training","name_de_de-run":"","name_fr_fr-run":"","name_it_it-run":"","name_es_es-run":"","name-run":"confirm the training","form_entry":"","samedeployment":true,"formfieldvalidation":false,"taskidvariablename":"","securitypolicy":"","priority":"","duedate":"","tasklistener":"","customfolderpath":"","categorydefinition":"","candidatestype":"all","exposetocaseview":true,"elementlabel":"","elementlabel_en_us":"","elementlabel_de_de":"","elementlabel_fr_fr":"","elementlabel_it_it":"","elementlabel_es_es":"","elementlabel_i18n-key":"","elementicon":"","elementindex":"1"},"ssextensions":[],"outgoing":[{"resourceId":"entryCriterion1"}],"dockers":[],"labels":[{"styles":{"fill":"#000000","size":"12","italic":false,"bold":false},"ref":"text_name"}]},{"resourceId":"casePageTask2","stencil":{"id":"Task"},"pathProperties":{},"xmlProperties":["planitemlifecyclelisteners"],"childShapes":[],"bounds":{"lowerRight":{"x":444,"y":125},"upperLeft":{"x":344,"y":45}},"specialproperties":{"startformreference":{"type":"treeview"},"form_entry":{"type":"treeview"}},"outputmappingproperties":{"planitemlifecyclelisteners":{"type":"complex","placeholders":[]},"pageelements":{"type":"formlist","placeholders":[]}},"properties":{"stencilid":"CasePageTask","stencilsuperid":"Task","stencilsuperids":["Task"],"customstencil":false,"bordercolor":"#000000","notes":"","planitemlifecyclelisteners":"","required":false,"required-run":"","repetition":false,"repetition-run":"","repetitioncountervariablename":"repetitionCounter","maxinstancecount":"unlimited","collectionvariable":"","elementvariable":"","elementindexvariable":"","manualactivation":false,"manualactivation-run":"","startformreference":"","startformsamedeployment":true,"startformfieldvalidation":false,"formfieldvalidation-run":"","manualactivationpermissiongroups":"","manualactivationpermissiongroups-run":"","manualactivationname":"","manualactivationname_en_us":"","manualactivationname_en_us-run":"","manualactivationname_de_de":"","manualactivationname_de_de-run":"","manualactivationname_fr_fr":"","manualactivationname_fr_fr-run":"","manualactivationname_it_it":"","manualactivationname_it_it-run":"","manualactivationname_es_es":"","manualactivationname_es_es-run":"","manualactivationname-run":"","manualactivationname_i18n-key":"","manualactivationchannels":"","manualactivationchannels-run":"","manualactivationpriority":"","manualactivationpriority-run":"","completionneutral":false,"completionneutral-run":"","impactparentcompletion":"default","bgcolor":"#ffffff","isblocking":true,"isblocking-run":"","id":"casePageTask2","name":"Negotiation overview","name_en_us":"Negotiation overview","name_de_de":"","name_fr_fr":"","name_it_it":"","name_es_es":"","name_i18n-key":"","description":"","fontsize":"12","fontweight":"normal","fontstyle":"normal","fontcolor":"#000000","async":false,"exclusive":true,"candidateusers":"","candidateusers-run":"","candidategroups":"flowableUser","candidategroups-run":"flowableUser","watcherusers":"","watcherusers-run":"","watchergroups":"","watchergroups-run":"","pageelements":{"totalCount":0,"items":[]},"customcaseviewheadersize":"","customcaseviewheadersize-run":"","availablestaterendering":"readOnly","activestaterendering":"fullAccess","completedstaterendering":"hidden","terminatedstaterendering":"hidden","isdiscretionary":false,"applicabilityrule":"","tasktype":"casePage","name_en_us-run":"Custom User View","name_de_de-run":"","name_fr_fr-run":"","name_it_it-run":"","name_es_es-run":"","name-run":"Custom User View","form_entry":{"id":"FORM_MODEL-725be5b0-62f1-4333-9e10-c2cbe7049be1","key":"DMO_F003"},"samedeployment":true,"elementicon":"bell/regular","elementindex":"5","elementhidesavebutton":"","owner":"","owner-run":"","assignee":"","assignee-run":""},"ssextensions":[],"outgoing":[],"dockers":[],"labels":[{"styles":{"fill":"#000000","size":"12","italic":false,"bold":false},"ref":"text_name"}]},{"resourceId":"entryCriterion1","stencil":{"id":"EntryCriterion"},"pathProperties":{},"xmlProperties":[],"childShapes":[],"bounds":{"lowerRight":{"x":219,"y":99},"upperLeft":{"x":201,"y":71}},"properties":{"stencilid":"EntryCriterion","stencilsuperid":"EntryCriterion","stencilsuperids":["EntryCriterion"],"customstencil":false,"fontsize":"12","notes":"","fontweight":"normal","fontstyle":"normal","fontcolor":"#000000","id":"entryCriterion1","name":"","name_en_us":"","name_de_de":"","name_fr_fr":"","name_it_it":"","name_es_es":"","name_i18n-key":"","description":"","condition":"","triggermode":"deferred"},"ssextensions":[],"outgoing":[],"dockers":[{"x":8,"y":40}]}],"bounds":{"lowerRight":{"x":502,"y":201},"upperLeft":{"x":31,"y":31}},"specialproperties":{"startformreference":{"type":"treeview"}},"outputmappingproperties":{"planitemlifecyclelisteners":{"type":"complex","placeholders":[]}},"properties":{"stencilid":"ExpandedStage","stencilsuperid":"ExpandedStage","stencilsuperids":["ExpandedStage"],"customstencil":false,"bordercolor":"#000000","notes":"","required":false,"required-run":"","repetition":false,"repetition-run":"","repetitioncountervariablename":"repetitionCounter","maxinstancecount":"unlimited","collectionvariable":"","elementvariable":"","elementindexvariable":"","manualactivation":false,"manualactivation-run":"","startformreference":"","startformsamedeployment":true,"startformfieldvalidation":false,"formfieldvalidation-run":"","manualactivationpermissiongroups":"","manualactivationpermissiongroups-run":"","manualactivationname":"","manualactivationname_en_us":"","manualactivationname_en_us-run":"","manualactivationname_de_de":"","manualactivationname_de_de-run":"","manualactivationname_fr_fr":"","manualactivationname_fr_fr-run":"","manualactivationname_it_it":"","manualactivationname_it_it-run":"","manualactivationname_es_es":"","manualactivationname_es_es-run":"","manualactivationname-run":"","manualactivationname_i18n-key":"","manualactivationchannels":"","manualactivationchannels-run":"","manualactivationpriority":"","manualactivationpriority-run":"","completionneutral":false,"completionneutral-run":"","planitemlifecyclelisteners":"","bgcolor":"#ffffff","id":"expandedStage1","name":"Negotiation","name_en_us":"Negotiation","name_de_de":"","name_fr_fr":"","name_it_it":"","name_es_es":"","name_i18n-key":"","description":"","fontsize":"12","fontweight":"normal","fontstyle":"normal","fontcolor":"#000000","isdiscretionary":false,"applicabilityrule":"","autocomplete":false,"autocomplete-run":"","statevisible":true,"statevisible-run":"","visualizationorder":""},"ssextensions":[],"outgoing":[{"resourceId":"connector2"}],"dockers":[],"labels":[{"styles":{"fill":"#000000","size":"12","italic":false,"bold":false},"ref":"text_name"}]},{"resourceId":"expandedStage2","stencil":{"id":"ExpandedStage"},"pathProperties":{},"xmlProperties":["planitemlifecyclelisteners","autocomplete","autocomplete-run","statevisible","statevisible-run","visualizationorder"],"childShapes":[{"resourceId":"humanTask3","stencil":{"id":"Task"},"pathProperties":{},"xmlProperties":["planitemlifecyclelisteners","exposetoobjectitems","exposeasmessageitems","exposehumantaskasmessageitems","exposehumantasktoobjectitems"],"childShapes":[],"bounds":{"lowerRight":{"x":144.5,"y":125},"upperLeft":{"x":44.5,"y":45}},"specialproperties":{"startformreference":{"type":"treeview"},"form_entry":{"type":"treeview"},"securitypolicy":{"type":"treeview"}},"outputmappingproperties":{"planitemlifecyclelisteners":{"type":"complex","placeholders":[]},"exposetoobjectitems":{"type":"complex","placeholders":[]},"exposeasmessageitems":{"type":"complex","placeholders":[]},"exposehumantaskasmessageitems":{"type":"complex","placeholders":[]},"exposehumantasktoobjectitems":{"type":"complex","placeholders":[]},"tasklistener":{"type":"complex","placeholders":[]}},"properties":{"stencilid":"HumanTask","stencilsuperid":"Task","stencilsuperids":["Task"],"customstencil":false,"bordercolor":"#000000","notes":"","planitemlifecyclelisteners":"","required":false,"required-run":"","repetition":false,"repetition-run":"","repetitioncountervariablename":"repetitionCounter","maxinstancecount":"unlimited","collectionvariable":"","elementvariable":"","elementindexvariable":"","manualactivation":false,"manualactivation-run":"","startformreference":"","startformsamedeployment":true,"startformfieldvalidation":false,"formfieldvalidation-run":"","manualactivationpermissiongroups":"","manualactivationpermissiongroups-run":"","manualactivationname":"","manualactivationname_en_us":"","manualactivationname_en_us-run":"","manualactivationname_de_de":"","manualactivationname_de_de-run":"","manualactivationname_fr_fr":"","manualactivationname_fr_fr-run":"","manualactivationname_it_it":"","manualactivationname_it_it-run":"","manualactivationname_es_es":"","manualactivationname_es_es-run":"","manualactivationname-run":"","manualactivationname_i18n-key":"","manualactivationchannels":"","manualactivationchannels-run":"","manualactivationpriority":"","manualactivationpriority-run":"","completionneutral":false,"completionneutral-run":"","impactparentcompletion":"default","bgcolor":"#ffffff","isblocking":true,"isblocking-run":"","id":"humanTask3","name":"prepare the material ","name_en_us":"prepare the material ","name_de_de":"","name_fr_fr":"","name_it_it":"","name_es_es":"","name_i18n-key":"","description":"","fontsize":"12","fontweight":"normal","fontstyle":"normal","fontcolor":"#000000","async":false,"exclusive":true,"exposetoobjectitems":"","exposeasmessageitems":"","exposehumantaskasmessageitems":"","exposehumantasktoobjectitems":"","customcaseviewheadersize":"","customcaseviewheadersize-run":"","availablestaterendering":"readOnly","activestaterendering":"fullAccess","completedstaterendering":"hidden","terminatedstaterendering":"hidden","owner":"","owner-run":"","assignee":"","assignee-run":"${initiator}","candidateusers":"","candidateusers-run":"","candidategroups":"","candidategroups-run":"","participantusers":"","participantusers-run":"","participantgroups":"","participantgroups-run":"","watcherusers":"","watcherusers-run":"","watchergroups":"","watchergroups-run":"","isdiscretionary":false,"applicabilityrule":"","tasktype":"human","name_en_us-run":"prepare the material ","name_de_de-run":"","name_fr_fr-run":"","name_it_it-run":"","name_es_es-run":"","name-run":"prepare the material ","form_entry":"","samedeployment":true,"formfieldvalidation":false,"taskidvariablename":"","securitypolicy":"","priority":"","duedate":"","tasklistener":"","customfolderpath":"","categorydefinition":"","candidatestype":"all","exposetocaseview":true,"elementlabel":"","elementlabel_en_us":"","elementlabel_de_de":"","elementlabel_fr_fr":"","elementlabel_it_it":"","elementlabel_es_es":"","elementlabel_i18n-key":"","elementicon":"","elementindex":"1"},"ssextensions":[],"outgoing":[],"dockers":[],"labels":[{"styles":{"fill":"#000000","size":"12","italic":false,"bold":false},"ref":"text_name"}]},{"resourceId":"humanTask4","stencil":{"id":"Task"},"pathProperties":{},"xmlProperties":["planitemlifecyclelisteners","exposetoobjectitems","exposeasmessageitems","exposehumantaskasmessageitems","exposehumantasktoobjectitems"],"childShapes":[],"bounds":{"lowerRight":{"x":309.5,"y":125},"upperLeft":{"x":209.5,"y":45}},"specialproperties":{"startformreference":{"type":"treeview"},"form_entry":{"type":"treeview"},"securitypolicy":{"type":"treeview"}},"outputmappingproperties":{"planitemlifecyclelisteners":{"type":"complex","placeholders":[]},"exposetoobjectitems":{"type":"complex","placeholders":[]},"exposeasmessageitems":{"type":"complex","placeholders":[]},"exposehumantaskasmessageitems":{"type":"complex","placeholders":[]},"exposehumantasktoobjectitems":{"type":"complex","placeholders":[]},"tasklistener":{"type":"complex","placeholders":[]}},"properties":{"stencilid":"HumanTask","stencilsuperid":"Task","stencilsuperids":["Task"],"customstencil":false,"bordercolor":"#000000","notes":"","planitemlifecyclelisteners":"","required":false,"required-run":"","repetition":false,"repetition-run":"","repetitioncountervariablename":"repetitionCounter","maxinstancecount":"unlimited","collectionvariable":"","elementvariable":"","elementindexvariable":"","manualactivation":false,"manualactivation-run":"","startformreference":"","startformsamedeployment":true,"startformfieldvalidation":false,"formfieldvalidation-run":"","manualactivationpermissiongroups":"","manualactivationpermissiongroups-run":"","manualactivationname":"","manualactivationname_en_us":"","manualactivationname_en_us-run":"","manualactivationname_de_de":"","manualactivationname_de_de-run":"","manualactivationname_fr_fr":"","manualactivationname_fr_fr-run":"","manualactivationname_it_it":"","manualactivationname_it_it-run":"","manualactivationname_es_es":"","manualactivationname_es_es-run":"","manualactivationname-run":"","manualactivationname_i18n-key":"","manualactivationchannels":"","manualactivationchannels-run":"","manualactivationpriority":"","manualactivationpriority-run":"","completionneutral":false,"completionneutral-run":"","impactparentcompletion":"default","bgcolor":"#ffffff","isblocking":true,"isblocking-run":"","id":"humanTask4","name":"prepare the environments","name_en_us":"prepare the environments","name_de_de":"","name_fr_fr":"","name_it_it":"","name_es_es":"","name_i18n-key":"","description":"","fontsize":"12","fontweight":"normal","fontstyle":"normal","fontcolor":"#000000","async":false,"exclusive":true,"exposetoobjectitems":"","exposeasmessageitems":"","exposehumantaskasmessageitems":"","exposehumantasktoobjectitems":"","customcaseviewheadersize":"","customcaseviewheadersize-run":"","availablestaterendering":"readOnly","activestaterendering":"fullAccess","completedstaterendering":"hidden","terminatedstaterendering":"hidden","owner":"","owner-run":"","assignee":"","assignee-run":"${initiator}","candidateusers":"","candidateusers-run":"","candidategroups":"","candidategroups-run":"","participantusers":"","participantusers-run":"","participantgroups":"","participantgroups-run":"","watcherusers":"","watcherusers-run":"","watchergroups":"","watchergroups-run":"","isdiscretionary":false,"applicabilityrule":"","tasktype":"human","name_en_us-run":"prepare the environments","name_de_de-run":"","name_fr_fr-run":"","name_it_it-run":"","name_es_es-run":"","name-run":"prepare the environments","form_entry":"","samedeployment":true,"formfieldvalidation":false,"taskidvariablename":"","securitypolicy":"","priority":"","duedate":"","tasklistener":"","customfolderpath":"","categorydefinition":"","candidatestype":"all","exposetocaseview":true,"elementlabel":"","elementlabel_en_us":"","elementlabel_de_de":"","elementlabel_fr_fr":"","elementlabel_it_it":"","elementlabel_es_es":"","elementlabel_i18n-key":"","elementicon":"","elementindex":"2"},"ssextensions":[],"outgoing":[],"dockers":[],"labels":[{"styles":{"fill":"#000000","size":"12","italic":false,"bold":false},"ref":"text_name"}]},{"resourceId":"humanTask7","stencil":{"id":"Task"},"pathProperties":{},"xmlProperties":["planitemlifecyclelisteners","exposetoobjectitems","exposeasmessageitems","exposehumantaskasmessageitems","exposehumantasktoobjectitems"],"childShapes":[],"bounds":{"lowerRight":{"x":443.5,"y":124},"upperLeft":{"x":343.5,"y":44}},"specialproperties":{"startformreference":{"type":"treeview"},"form_entry":{"type":"treeview"},"securitypolicy":{"type":"treeview"}},"outputmappingproperties":{"planitemlifecyclelisteners":{"type":"complex","placeholders":[]},"exposetoobjectitems":{"type":"complex","placeholders":[]},"exposeasmessageitems":{"type":"complex","placeholders":[]},"exposehumantaskasmessageitems":{"type":"complex","placeholders":[]},"exposehumantasktoobjectitems":{"type":"complex","placeholders":[]},"tasklistener":{"type":"complex","placeholders":[]}},"properties":{"stencilid":"HumanTask","stencilsuperid":"Task","stencilsuperids":["Task"],"customstencil":false,"bordercolor":"#000000","notes":"","planitemlifecyclelisteners":"","required":false,"required-run":"","repetition":true,"repetition-run":"","repetitioncountervariablename":"repetitionCounter","maxinstancecount":"unlimited","collectionvariable":"","elementvariable":"","elementindexvariable":"","manualactivation":true,"manualactivation-run":"","startformreference":"","startformsamedeployment":true,"startformfieldvalidation":false,"formfieldvalidation-run":"","manualactivationpermissiongroups":"","manualactivationpermissiongroups-run":"","manualactivationname":"","manualactivationname_en_us":"","manualactivationname_en_us-run":"","manualactivationname_de_de":"","manualactivationname_de_de-run":"","manualactivationname_fr_fr":"","manualactivationname_fr_fr-run":"","manualactivationname_it_it":"","manualactivationname_it_it-run":"","manualactivationname_es_es":"","manualactivationname_es_es-run":"","manualactivationname-run":"","manualactivationname_i18n-key":"","manualactivationchannels":"","manualactivationchannels-run":"","manualactivationpriority":"","manualactivationpriority-run":"","completionneutral":false,"completionneutral-run":"","impactparentcompletion":"default","bgcolor":"#ffffff","isblocking":true,"isblocking-run":"","id":"humanTask7","name":"prepare snacks","name_en_us":"prepare snacks","name_de_de":"","name_fr_fr":"","name_it_it":"","name_es_es":"","name_i18n-key":"","description":"","fontsize":"12","fontweight":"normal","fontstyle":"normal","fontcolor":"#000000","async":false,"exclusive":true,"exposetoobjectitems":"","exposeasmessageitems":"","exposehumantaskasmessageitems":"","exposehumantasktoobjectitems":"","customcaseviewheadersize":"","customcaseviewheadersize-run":"","availablestaterendering":"readOnly","activestaterendering":"fullAccess","completedstaterendering":"hidden","terminatedstaterendering":"hidden","owner":"","owner-run":"","assignee":"","assignee-run":"${initiator}","candidateusers":"","candidateusers-run":"","candidategroups":"","candidategroups-run":"","participantusers":"","participantusers-run":"","participantgroups":"","participantgroups-run":"","watcherusers":"","watcherusers-run":"","watchergroups":"","watchergroups-run":"","isdiscretionary":false,"applicabilityrule":"","tasktype":"human","name_en_us-run":"prepare the environments","name_de_de-run":"","name_fr_fr-run":"","name_it_it-run":"","name_es_es-run":"","name-run":"prepare the environments","form_entry":"","samedeployment":true,"formfieldvalidation":false,"taskidvariablename":"","securitypolicy":"","priority":"","duedate":"","tasklistener":"","customfolderpath":"","categorydefinition":"","candidatestype":"all","exposetocaseview":true,"elementlabel":"","elementlabel_en_us":"","elementlabel_de_de":"","elementlabel_fr_fr":"","elementlabel_it_it":"","elementlabel_es_es":"","elementlabel_i18n-key":"","elementicon":"","elementindex":"3"},"ssextensions":[],"outgoing":[],"dockers":[],"labels":[{"styles":{"fill":"#000000","size":"12","italic":false,"bold":false},"ref":"text_name"}]}],"bounds":{"lowerRight":{"x":502.5,"y":426},"upperLeft":{"x":31.5,"y":256}},"specialproperties":{"startformreference":{"type":"treeview"}},"outputmappingproperties":{"planitemlifecyclelisteners":{"type":"complex","placeholders":[]}},"properties":{"stencilid":"ExpandedStage","stencilsuperid":"ExpandedStage","stencilsuperids":["ExpandedStage"],"customstencil":false,"bordercolor":"#000000","notes":"","required":false,"required-run":"","repetition":false,"repetition-run":"","repetitioncountervariablename":"repetitionCounter","maxinstancecount":"unlimited","collectionvariable":"","elementvariable":"","elementindexvariable":"","manualactivation":false,"manualactivation-run":"","startformreference":"","startformsamedeployment":true,"startformfieldvalidation":false,"formfieldvalidation-run":"","manualactivationpermissiongroups":"","manualactivationpermissiongroups-run":"","manualactivationname":"","manualactivationname_en_us":"","manualactivationname_en_us-run":"","manualactivationname_de_de":"","manualactivationname_de_de-run":"","manualactivationname_fr_fr":"","manualactivationname_fr_fr-run":"","manualactivationname_it_it":"","manualactivationname_it_it-run":"","manualactivationname_es_es":"","manualactivationname_es_es-run":"","manualactivationname-run":"","manualactivationname_i18n-key":"","manualactivationchannels":"","manualactivationchannels-run":"","manualactivationpriority":"","manualactivationpriority-run":"","completionneutral":false,"completionneutral-run":"","planitemlifecyclelisteners":"","bgcolor":"#ffffff","id":"expandedStage2","name":"Preparation","name_en_us":"Preparation","name_de_de":"","name_fr_fr":"","name_it_it":"","name_es_es":"","name_i18n-key":"","description":"","fontsize":"12","fontweight":"normal","fontstyle":"normal","fontcolor":"#000000","isdiscretionary":false,"applicabilityrule":"","autocomplete":true,"autocomplete-run":"","statevisible":true,"statevisible-run":"","visualizationorder":""},"ssextensions":[],"outgoing":[{"resourceId":"entryCriterion2"},{"resourceId":"connector3"}],"dockers":[],"labels":[{"styles":{"fill":"#000000","size":"12","italic":false,"bold":false},"ref":"text_name"}]},{"resourceId":"expandedStage3","stencil":{"id":"ExpandedStage"},"pathProperties":{},"xmlProperties":["planitemlifecyclelisteners","autocomplete","autocomplete-run","statevisible","statevisible-run","visualizationorder"],"childShapes":[{"resourceId":"humanTask5","stencil":{"id":"Task"},"pathProperties":{},"xmlProperties":["planitemlifecyclelisteners","exposetoobjectitems","exposeasmessageitems","exposehumantaskasmessageitems","exposehumantasktoobjectitems"],"childShapes":[],"bounds":{"lowerRight":{"x":144,"y":125},"upperLeft":{"x":44,"y":45}},"specialproperties":{"startformreference":{"type":"treeview"},"form_entry":{"type":"treeview"},"securitypolicy":{"type":"treeview"}},"outputmappingproperties":{"planitemlifecyclelisteners":{"type":"complex","placeholders":[]},"exposetoobjectitems":{"type":"complex","placeholders":[]},"exposeasmessageitems":{"type":"complex","placeholders":[]},"exposehumantaskasmessageitems":{"type":"complex","placeholders":[]},"exposehumantasktoobjectitems":{"type":"complex","placeholders":[]},"tasklistener":{"type":"complex","placeholders":[]}},"properties":{"stencilid":"HumanTask","stencilsuperid":"Task","stencilsuperids":["Task"],"customstencil":false,"bordercolor":"#000000","notes":"","planitemlifecyclelisteners":"","required":false,"required-run":"","repetition":false,"repetition-run":"","repetitioncountervariablename":"repetitionCounter","maxinstancecount":"unlimited","collectionvariable":"","elementvariable":"","elementindexvariable":"","manualactivation":false,"manualactivation-run":"","startformreference":"","startformsamedeployment":true,"startformfieldvalidation":false,"formfieldvalidation-run":"","manualactivationpermissiongroups":"","manualactivationpermissiongroups-run":"","manualactivationname":"","manualactivationname_en_us":"","manualactivationname_en_us-run":"","manualactivationname_de_de":"","manualactivationname_de_de-run":"","manualactivationname_fr_fr":"","manualactivationname_fr_fr-run":"","manualactivationname_it_it":"","manualactivationname_it_it-run":"","manualactivationname_es_es":"","manualactivationname_es_es-run":"","manualactivationname-run":"","manualactivationname_i18n-key":"","manualactivationchannels":"","manualactivationchannels-run":"","manualactivationpriority":"","manualactivationpriority-run":"","completionneutral":false,"completionneutral-run":"","impactparentcompletion":"default","bgcolor":"#ffffff","isblocking":true,"isblocking-run":"","id":"humanTask5","name":"execute the training ","name_en_us":"execute the training ","name_de_de":"","name_fr_fr":"","name_it_it":"","name_es_es":"","name_i18n-key":"","description":"","fontsize":"12","fontweight":"normal","fontstyle":"normal","fontcolor":"#000000","async":false,"exclusive":true,"exposetoobjectitems":"","exposeasmessageitems":"","exposehumantaskasmessageitems":"","exposehumantasktoobjectitems":"","customcaseviewheadersize":"","customcaseviewheadersize-run":"","availablestaterendering":"readOnly","activestaterendering":"fullAccess","completedstaterendering":"hidden","terminatedstaterendering":"hidden","owner":"","owner-run":"","assignee":"","assignee-run":"${initiator}","candidateusers":"","candidateusers-run":"","candidategroups":"","candidategroups-run":"","participantusers":"","participantusers-run":"","participantgroups":"","participantgroups-run":"","watcherusers":"","watcherusers-run":"","watchergroups":"","watchergroups-run":"","isdiscretionary":false,"applicabilityrule":"","tasktype":"human","name_en_us-run":"execute the training ","name_de_de-run":"","name_fr_fr-run":"","name_it_it-run":"","name_es_es-run":"","name-run":"execute the training ","form_entry":"","samedeployment":true,"formfieldvalidation":false,"taskidvariablename":"","securitypolicy":"","priority":"","duedate":"","tasklistener":"","customfolderpath":"","categorydefinition":"","candidatestype":"all","exposetocaseview":true,"elementlabel":"","elementlabel_en_us":"","elementlabel_de_de":"","elementlabel_fr_fr":"","elementlabel_it_it":"","elementlabel_es_es":"","elementlabel_i18n-key":"","elementicon":"","elementindex":"1"},"ssextensions":[],"outgoing":[{"resourceId":"connector4"}],"dockers":[],"labels":[{"styles":{"fill":"#000000","size":"12","italic":false,"bold":false},"ref":"text_name"}]},{"resourceId":"humanTask6","stencil":{"id":"Task"},"pathProperties":{},"xmlProperties":["planitemlifecyclelisteners","exposetoobjectitems","exposeasmessageitems","exposehumantaskasmessageitems","exposehumantasktoobjectitems"],"childShapes":[],"bounds":{"lowerRight":{"x":309,"y":125},"upperLeft":{"x":209,"y":45}},"specialproperties":{"startformreference":{"type":"treeview"},"form_entry":{"type":"treeview"},"securitypolicy":{"type":"treeview"}},"outputmappingproperties":{"planitemlifecyclelisteners":{"type":"complex","placeholders":[]},"exposetoobjectitems":{"type":"complex","placeholders":[]},"exposeasmessageitems":{"type":"complex","placeholders":[]},"exposehumantaskasmessageitems":{"type":"complex","placeholders":[]},"exposehumantasktoobjectitems":{"type":"complex","placeholders":[]},"tasklistener":{"type":"complex","placeholders":[]}},"properties":{"stencilid":"HumanTask","stencilsuperid":"Task","stencilsuperids":["Task"],"customstencil":false,"bordercolor":"#000000","notes":"","planitemlifecyclelisteners":"","required":false,"required-run":"","repetition":false,"repetition-run":"","repetitioncountervariablename":"repetitionCounter","maxinstancecount":"unlimited","collectionvariable":"","elementvariable":"","elementindexvariable":"","manualactivation":false,"manualactivation-run":"","startformreference":"","startformsamedeployment":true,"startformfieldvalidation":false,"formfieldvalidation-run":"","manualactivationpermissiongroups":"","manualactivationpermissiongroups-run":"","manualactivationname":"","manualactivationname_en_us":"","manualactivationname_en_us-run":"","manualactivationname_de_de":"","manualactivationname_de_de-run":"","manualactivationname_fr_fr":"","manualactivationname_fr_fr-run":"","manualactivationname_it_it":"","manualactivationname_it_it-run":"","manualactivationname_es_es":"","manualactivationname_es_es-run":"","manualactivationname-run":"","manualactivationname_i18n-key":"","manualactivationchannels":"","manualactivationchannels-run":"","manualactivationpriority":"","manualactivationpriority-run":"","completionneutral":false,"completionneutral-run":"","impactparentcompletion":"default","bgcolor":"#ffffff","isblocking":true,"isblocking-run":"","id":"humanTask6","name":"send a survey","name_en_us":"send a survey","name_de_de":"","name_fr_fr":"","name_it_it":"","name_es_es":"","name_i18n-key":"","description":"","fontsize":"12","fontweight":"normal","fontstyle":"normal","fontcolor":"#000000","async":false,"exclusive":true,"exposetoobjectitems":"","exposeasmessageitems":"","exposehumantaskasmessageitems":"","exposehumantasktoobjectitems":"","customcaseviewheadersize":"","customcaseviewheadersize-run":"","availablestaterendering":"readOnly","activestaterendering":"fullAccess","completedstaterendering":"hidden","terminatedstaterendering":"hidden","owner":"","owner-run":"","assignee":"","assignee-run":"${initiator}","candidateusers":"","candidateusers-run":"","candidategroups":"","candidategroups-run":"","participantusers":"","participantusers-run":"","participantgroups":"","participantgroups-run":"","watcherusers":"","watcherusers-run":"","watchergroups":"","watchergroups-run":"","isdiscretionary":false,"applicabilityrule":"","tasktype":"human","name_en_us-run":"send a survey","name_de_de-run":"","name_fr_fr-run":"","name_it_it-run":"","name_es_es-run":"","name-run":"send a survey","form_entry":"","samedeployment":true,"formfieldvalidation":false,"taskidvariablename":"","securitypolicy":"","priority":"","duedate":"","tasklistener":"","customfolderpath":"","categorydefinition":"","candidatestype":"all","exposetocaseview":true,"elementlabel":"","elementlabel_en_us":"","elementlabel_de_de":"","elementlabel_fr_fr":"","elementlabel_it_it":"","elementlabel_es_es":"","elementlabel_i18n-key":"","elementicon":"","elementindex":"1"},"ssextensions":[],"outgoing":[{"resourceId":"entryCriterion4"}],"dockers":[],"labels":[{"styles":{"fill":"#000000","size":"12","italic":false,"bold":false},"ref":"text_name"}]},{"resourceId":"entryCriterion4","stencil":{"id":"EntryCriterion"},"pathProperties":{},"xmlProperties":[],"childShapes":[],"bounds":{"lowerRight":{"x":218,"y":99},"upperLeft":{"x":200,"y":71}},"properties":{"stencilid":"EntryCriterion","stencilsuperid":"EntryCriterion","stencilsuperids":["EntryCriterion"],"customstencil":false,"fontsize":"12","notes":"","fontweight":"normal","fontstyle":"normal","fontcolor":"#000000","id":"entryCriterion4","name":"","name_en_us":"","name_de_de":"","name_fr_fr":"","name_it_it":"","name_es_es":"","name_i18n-key":"","description":"","condition":"","triggermode":"deferred"},"ssextensions":[],"outgoing":[],"dockers":[{"x":8,"y":40}]}],"bounds":{"lowerRight":{"x":503,"y":651},"upperLeft":{"x":32,"y":481}},"specialproperties":{"startformreference":{"type":"treeview"}},"outputmappingproperties":{"planitemlifecyclelisteners":{"type":"complex","placeholders":[]}},"properties":{"stencilid":"ExpandedStage","stencilsuperid":"ExpandedStage","stencilsuperids":["ExpandedStage"],"customstencil":false,"bordercolor":"#000000","notes":"","required":false,"required-run":"","repetition":false,"repetition-run":"","repetitioncountervariablename":"repetitionCounter","maxinstancecount":"unlimited","collectionvariable":"","elementvariable":"","elementindexvariable":"","manualactivation":false,"manualactivation-run":"","startformreference":"","startformsamedeployment":true,"startformfieldvalidation":false,"formfieldvalidation-run":"","manualactivationpermissiongroups":"","manualactivationpermissiongroups-run":"","manualactivationname":"","manualactivationname_en_us":"","manualactivationname_en_us-run":"","manualactivationname_de_de":"","manualactivationname_de_de-run":"","manualactivationname_fr_fr":"","manualactivationname_fr_fr-run":"","manualactivationname_it_it":"","manualactivationname_it_it-run":"","manualactivationname_es_es":"","manualactivationname_es_es-run":"","manualactivationname-run":"","manualactivationname_i18n-key":"","manualactivationchannels":"","manualactivationchannels-run":"","manualactivationpriority":"","manualactivationpriority-run":"","completionneutral":false,"completionneutral-run":"","planitemlifecyclelisteners":"","bgcolor":"#ffffff","id":"expandedStage3","name":"Execution","name_en_us":"Execution","name_de_de":"","name_fr_fr":"","name_it_it":"","name_es_es":"","name_i18n-key":"","description":"","fontsize":"12","fontweight":"normal","fontstyle":"normal","fontcolor":"#000000","isdiscretionary":false,"applicabilityrule":"","autocomplete":false,"autocomplete-run":"","statevisible":true,"statevisible-run":"","visualizationorder":""},"ssextensions":[],"outgoing":[{"resourceId":"entryCriterion3"},{"resourceId":"connector13"}],"dockers":[],"labels":[{"styles":{"fill":"#000000","size":"12","italic":false,"bold":false},"ref":"text_name"}]},{"resourceId":"casePageTask1","stencil":{"id":"Task"},"pathProperties":{},"xmlProperties":["planitemlifecyclelisteners"],"childShapes":[],"bounds":{"lowerRight":{"x":757,"y":381},"upperLeft":{"x":657,"y":301}},"specialproperties":{"startformreference":{"type":"treeview"},"form_entry":{"type":"treeview"}},"outputmappingproperties":{"planitemlifecyclelisteners":{"type":"complex","placeholders":[]},"pageelements":{"type":"formlist","placeholders":[]}},"properties":{"stencilid":"CasePageTask","stencilsuperid":"Task","stencilsuperids":["Task"],"customstencil":false,"bordercolor":"#000000","notes":"","planitemlifecyclelisteners":"","required":false,"required-run":"","repetition":false,"repetition-run":"","repetitioncountervariablename":"repetitionCounter","maxinstancecount":"unlimited","collectionvariable":"","elementvariable":"","elementindexvariable":"","manualactivation":false,"manualactivation-run":"","startformreference":"","startformsamedeployment":true,"startformfieldvalidation":false,"formfieldvalidation-run":"","manualactivationpermissiongroups":"","manualactivationpermissiongroups-run":"","manualactivationname":"","manualactivationname_en_us":"","manualactivationname_en_us-run":"","manualactivationname_de_de":"","manualactivationname_de_de-run":"","manualactivationname_fr_fr":"","manualactivationname_fr_fr-run":"","manualactivationname_it_it":"","manualactivationname_it_it-run":"","manualactivationname_es_es":"","manualactivationname_es_es-run":"","manualactivationname-run":"","manualactivationname_i18n-key":"","manualactivationchannels":"","manualactivationchannels-run":"","manualactivationpriority":"","manualactivationpriority-run":"","completionneutral":false,"completionneutral-run":"","impactparentcompletion":"default","bgcolor":"#ffffff","isblocking":true,"isblocking-run":"","id":"casePageTask1","name":"Overview","name_en_us":"Overview","name_de_de":"","name_fr_fr":"","name_it_it":"","name_es_es":"","name_i18n-key":"","description":"","fontsize":"12","fontweight":"normal","fontstyle":"normal","fontcolor":"#000000","async":false,"exclusive":true,"candidateusers":"","candidateusers-run":"","candidategroups":"flowableUser","candidategroups-run":"flowableUser","watcherusers":"","watcherusers-run":"","watchergroups":"","watchergroups-run":"","pageelements":{"totalCount":3,"items":[{"pageelementtype":"predefinedPage","pageelementsubtype":"OPEN_TASKS","pageelementname":"Tasks","pageelementlabel":"Tasks","pageelementicon":"tasks/regular","pageelementurl":"","pageelementurltarget":"","pageelementindex":"10"},{"pageelementtype":"externalLink","pageelementsubtype":"","pageelementname":"Dashboard","pageelementlabel":"Dashboard","pageelementicon":"cog/regular","pageelementurl":"#/DMO_APP_001/DPR_PG001","pageelementurltarget":"_self","pageelementindex":"20"},{"pageelementtype":"predefinedPage","pageelementsubtype":"AUDIT_TRAIL","pageelementname":"Audit Trail","pageelementlabel":"Audit Trail","pageelementicon":"bolt/regular","pageelementurl":"","pageelementurltarget":"","pageelementindex":"30"}]},"customcaseviewheadersize":"","customcaseviewheadersize-run":"","availablestaterendering":"readOnly","activestaterendering":"fullAccess","completedstaterendering":"readOnly","terminatedstaterendering":"readOnly","isdiscretionary":false,"applicabilityrule":"","tasktype":"casePage","name_en_us-run":"Custom User View","name_de_de-run":"","name_fr_fr-run":"","name_it_it-run":"","name_es_es-run":"","name-run":"Custom User View","form_entry":"FORM_MODEL-bfb4b57e-cd4f-48ae-914a-31f43d3cbb92","samedeployment":true,"elementicon":"eye/regular","elementindex":"40","elementhidesavebutton":"","owner":"","owner-run":"","assignee":"","assignee-run":""},"ssextensions":[],"outgoing":[],"dockers":[],"labels":[{"styles":{"fill":"#000000","size":"12","italic":false,"bold":false},"ref":"text_name"}]},{"resourceId":"processTask1","stencil":{"id":"Task"},"pathProperties":{},"xmlProperties":["planitemlifecyclelisteners","exposetoobjectitems","exposeasmessageitems","processname"],"childShapes":[],"bounds":{"lowerRight":{"x":756,"y":156},"upperLeft":{"x":656,"y":76}},"specialproperties":{"startformreference":{"type":"treeview"},"entry":{"type":"treeview"}},"outputmappingproperties":{"planitemlifecyclelisteners":{"type":"complex","placeholders":[]},"exposetoobjectitems":{"type":"complex","placeholders":[]},"exposeasmessageitems":{"type":"complex","placeholders":[]},"in":{"type":"complex","placeholders":[]},"out":{"type":"complex","placeholders":[]}},"properties":{"stencilid":"ProcessTask","stencilsuperid":"Task","stencilsuperids":["Task"],"customstencil":false,"bordercolor":"#000000","notes":"","planitemlifecyclelisteners":"","required":false,"required-run":"","repetition":true,"repetition-run":"","repetitioncountervariablename":"repetitionCounter","maxinstancecount":"unlimited","collectionvariable":"","elementvariable":"","elementindexvariable":"","manualactivation":false,"manualactivation-run":"","startformreference":"","startformsamedeployment":true,"startformfieldvalidation":false,"formfieldvalidation-run":"","manualactivationpermissiongroups":"","manualactivationpermissiongroups-run":"","manualactivationname":"","manualactivationname_en_us":"","manualactivationname_en_us-run":"","manualactivationname_de_de":"","manualactivationname_de_de-run":"","manualactivationname_fr_fr":"","manualactivationname_fr_fr-run":"","manualactivationname_it_it":"","manualactivationname_it_it-run":"","manualactivationname_es_es":"","manualactivationname_es_es-run":"","manualactivationname-run":"","manualactivationname_i18n-key":"","manualactivationchannels":"","manualactivationchannels-run":"","manualactivationpriority":"","manualactivationpriority-run":"","completionneutral":true,"completionneutral-run":"","impactparentcompletion":"default","bgcolor":"#ffffff","isblocking":true,"isblocking-run":"","id":"processTask1","name":"Cancel case task","name_en_us":"Cancel case task","name_de_de":"","name_fr_fr":"","name_it_it":"","name_es_es":"","name_i18n-key":"","description":"","fontsize":"12","fontweight":"normal","fontstyle":"normal","fontcolor":"#000000","async":false,"exclusive":true,"exposetoobjectitems":"","exposeasmessageitems":"","in":"","out":"","isdiscretionary":false,"applicabilityrule":"","tasktype":"process","entry":{"id":"PROCESS_MODEL-9866510e-3885-4ce6-872b-f78b63e4bd4d","key":"DPR_P001"},"entry-run":"","samedeployment":true,"processname":"","processid":"","fallback-to-default-tenant":true,"business-key":"","inherit-business-key":false},"ssextensions":[],"outgoing":[{"resourceId":"entryCriterion10"},{"resourceId":"connector7"}],"dockers":[],"labels":[{"styles":{"fill":"#000000","size":"12","italic":false,"bold":false},"ref":"text_name"}]},{"resourceId":"auditTask3","stencil":{"id":"Task"},"pathProperties":{},"xmlProperties":["planitemlifecyclelisteners"],"childShapes":[],"bounds":{"lowerRight":{"x":757,"y":606},"upperLeft":{"x":657,"y":526}},"specialproperties":{"startformreference":{"type":"treeview"}},"outputmappingproperties":{"planitemlifecyclelisteners":{"type":"complex","placeholders":[]},"classfields":{"type":"complex","placeholders":[]},"payload":{"type":"complex","placeholders":[]}},"properties":{"stencilid":"AuditTask","stencilsuperid":"ServiceTask","stencilsuperids":["Task","ServiceTask"],"customstencil":false,"bordercolor":"#000000","notes":"","planitemlifecyclelisteners":"","required":false,"required-run":"","repetition":false,"repetition-run":"","repetitioncountervariablename":"repetitionCounter","maxinstancecount":"unlimited","collectionvariable":"","elementvariable":"","elementindexvariable":"","manualactivation":false,"manualactivation-run":"","startformreference":"","startformsamedeployment":true,"startformfieldvalidation":false,"formfieldvalidation-run":"","manualactivationpermissiongroups":"","manualactivationpermissiongroups-run":"","manualactivationname":"","manualactivationname_en_us":"","manualactivationname_en_us-run":"","manualactivationname_de_de":"","manualactivationname_de_de-run":"","manualactivationname_fr_fr":"","manualactivationname_fr_fr-run":"","manualactivationname_it_it":"","manualactivationname_it_it-run":"","manualactivationname_es_es":"","manualactivationname_es_es-run":"","manualactivationname-run":"","manualactivationname_i18n-key":"","manualactivationchannels":"","manualactivationchannels-run":"","manualactivationpriority":"","manualactivationpriority-run":"","completionneutral":false,"completionneutral-run":"","impactparentcompletion":"default","bgcolor":"#ffffff","isblocking":true,"isblocking-run":"","id":"auditTask3","name":"Audit","name_en_us":"Audit","name_de_de":"","name_fr_fr":"","name_it_it":"","name_es_es":"","name_i18n-key":"","description":"","fontsize":"12","fontweight":"normal","fontstyle":"normal","fontcolor":"#000000","async":false,"exclusive":true,"isdiscretionary":false,"applicabilityrule":"","tasktype":"Service","expression":"","resultvariable":"","servicetaskstoreresultvariabletransient":"","class":"","classfields":"","delegateexpression":"${auditLogService}","overwrite":"","servicetasktriggerable":"","servicetaskuselocalscopeforresultvariable":"","genericproperty":"","payload":{"totalCount":2,"items":[{"name":"message","value":"Case was completed"},{"name":"category","value":"user"}]},"creatorid":"","externalid":"","type":"completed","subtype":"","scopeid":"${root.id}","subscopeid":"","scopetype":"cmmn","scopedefinitionid":""},"ssextensions":[],"outgoing":[{"resourceId":"entryCriterion11"}],"dockers":[],"labels":[{"styles":{"fill":"#000000","size":"12","italic":false,"bold":false},"ref":"text_name"}]},{"resourceId":"entryCriterion2","stencil":{"id":"EntryCriterion"},"pathProperties":{},"xmlProperties":[],"childShapes":[],"bounds":{"lowerRight":{"x":276,"y":270},"upperLeft":{"x":258,"y":242}},"properties":{"stencilid":"EntryCriterion","stencilsuperid":"EntryCriterion","stencilsuperids":["EntryCriterion"],"customstencil":false,"fontsize":"12","notes":"","fontweight":"normal","fontstyle":"normal","fontcolor":"#000000","id":"entryCriterion2","name":"","name_en_us":"","name_de_de":"","name_fr_fr":"","name_it_it":"","name_es_es":"","name_i18n-key":"","description":"","condition":"","triggermode":"deferred"},"ssextensions":[],"outgoing":[],"dockers":[{"x":235.5,"y":-2}]},{"resourceId":"entryCriterion3","stencil":{"id":"EntryCriterion"},"pathProperties":{},"xmlProperties":[],"childShapes":[],"bounds":{"lowerRight":{"x":276.5,"y":495},"upperLeft":{"x":258.5,"y":467}},"properties":{"stencilid":"EntryCriterion","stencilsuperid":"EntryCriterion","stencilsuperids":["EntryCriterion"],"customstencil":false,"fontsize":"12","notes":"","fontweight":"normal","fontstyle":"normal","fontcolor":"#000000","id":"entryCriterion3","name":"","name_en_us":"","name_de_de":"","name_fr_fr":"","name_it_it":"","name_es_es":"","name_i18n-key":"","description":"","condition":"","triggermode":"deferred"},"ssextensions":[],"outgoing":[],"dockers":[{"x":235.5,"y":13}]},{"resourceId":"userEventListener1","stencil":{"id":"EventListener"},"pathProperties":{},"xmlProperties":["planitemlifecyclelisteners","exposetoobjectitems","exposeasmessageitems"],"childShapes":[],"bounds":{"lowerRight":{"x":596.498,"y":131.25050000000002},"upperLeft":{"x":566,"y":100.74950000000003}},"specialproperties":{"startformreference":{"type":"treeview"}},"outputmappingproperties":{"planitemlifecyclelisteners":{"type":"complex","placeholders":[]},"exposetoobjectitems":{"type":"complex","placeholders":[]},"exposeasmessageitems":{"type":"complex","placeholders":[]}},"properties":{"stencilid":"UserEventListener","stencilsuperid":"EventListener","stencilsuperids":["EventListener"],"customstencil":false,"bordercolor":"#000000","notes":"","required":false,"required-run":"","repetition":true,"repetition-run":"","repetitioncountervariablename":"repetitionCounter","maxinstancecount":"unlimited","collectionvariable":"","elementvariable":"","elementindexvariable":"","manualactivation":"","startformreference":"","startformsamedeployment":true,"startformfieldvalidation":false,"formfieldvalidation-run":"","manualactivationpermissiongroups":"","manualactivationpermissiongroups-run":"","manualactivationname":"","manualactivationname_en_us":"","manualactivationname_en_us-run":"","manualactivationname_de_de":"","manualactivationname_de_de-run":"","manualactivationname_fr_fr":"","manualactivationname_fr_fr-run":"","manualactivationname_it_it":"","manualactivationname_it_it-run":"","manualactivationname_es_es":"","manualactivationname_es_es-run":"","manualactivationname-run":"","manualactivationname_i18n-key":"","manualactivationchannels":"","manualactivationchannels-run":"","manualactivationpriority":"","manualactivationpriority-run":"","completionneutral":true,"completionneutral-run":"","impactparentcompletion":"default","planitemlifecyclelisteners":"","bgcolor":"#ffffff","id":"userEventListener1","name":"Cancel case","name_en_us":"Cancel case","name_de_de":"","name_fr_fr":"","name_it_it":"","name_es_es":"","name_i18n-key":"","description":"","fontsize":"12","fontweight":"normal","fontstyle":"normal","fontcolor":"#000000","availablecondition":"","availablecondition-run":"","eventlistenerpermissiongroups":"","eventlistenerpermissiongroups-run":"","eventlistenername":"","eventlistenername_en_us":"","eventlistenername_en_us-run":"","eventlistenername_de_de":"","eventlistenername_de_de-run":"","eventlistenername_fr_fr":"","eventlistenername_fr_fr-run":"","eventlistenername_it_it":"","eventlistenername_it_it-run":"","eventlistenername_es_es":"","eventlistenername_es_es-run":"","eventlistenername-run":"","eventlistenername_i18n-key":"","eventlistenerchannels":"","eventlistenerchannels-run":"","eventlistenerpriority":"","eventlistenerpriority-run":"","type":"","type-run":"","exposetoobjectitems":"","exposeasmessageitems":""},"ssextensions":[],"outgoing":[{"resourceId":"connector12"}],"dockers":[{"x":581.249,"y":116.00000000000003}],"labels":[{"styles":{"fill":"#000000","size":"12","italic":false,"bold":false},"ref":"text_name"}]},{"resourceId":"entryCriterion10","stencil":{"id":"EntryCriterion"},"pathProperties":{},"xmlProperties":[],"childShapes":[],"bounds":{"lowerRight":{"x":665,"y":130},"upperLeft":{"x":647,"y":102}},"properties":{"stencilid":"EntryCriterion","stencilsuperid":"EntryCriterion","stencilsuperids":["EntryCriterion"],"customstencil":false,"fontsize":"12","notes":"","fontweight":"normal","fontstyle":"normal","fontcolor":"#000000","id":"entryCriterion10","name":"","name_en_us":"","name_de_de":"","name_fr_fr":"","name_it_it":"","name_es_es":"","name_i18n-key":"","description":"","condition":"","triggermode":"deferred"},"ssextensions":[],"outgoing":[],"dockers":[{"x":9,"y":40}]},{"resourceId":"entryCriterion11","stencil":{"id":"EntryCriterion"},"pathProperties":{},"xmlProperties":[],"childShapes":[],"bounds":{"lowerRight":{"x":666,"y":580},"upperLeft":{"x":648,"y":552}},"properties":{"stencilid":"EntryCriterion","stencilsuperid":"EntryCriterion","stencilsuperids":["EntryCriterion"],"customstencil":false,"fontsize":"12","notes":"","fontweight":"normal","fontstyle":"normal","fontcolor":"#000000","id":"entryCriterion11","name":"","name_en_us":"","name_de_de":"","name_fr_fr":"","name_it_it":"","name_es_es":"","name_i18n-key":"","description":"","condition":"","triggermode":"deferred"},"ssextensions":[],"outgoing":[],"dockers":[{"x":8,"y":40}]}],"bounds":{"lowerRight":{"x":894,"y":799},"upperLeft":{"x":30,"y":45}},"specialproperties":{"formreference":{"type":"treeview"},"workformreference":{"type":"treeview"},"inboundchannelreference":{"type":"treeview","placeholder":"inboundchannelkey"}},"outputmappingproperties":{"planitemlifecyclelisteners":{"type":"complex","placeholders":[]}},"properties":{"stencilid":"CasePlanModel","stencilsuperid":"CasePlanModel","stencilsuperids":["CasePlanModel"],"customstencil":false,"bordercolor":"#000000","notes":"","planitemlifecyclelisteners":"","bgcolor":"#ffffff","id":"onecaseplanmodel1","name":"Case plan model","name_en_us":"Case plan model","name_de_de":"","name_fr_fr":"","name_it_it":"","name_es_es":"","name_i18n-key":"","description":"","fontsize":"12","fontweight":"normal","fontstyle":"normal","fontcolor":"#000000","autocomplete":false,"autocomplete-run":"","formreference":"","samedeployment":true,"formfieldvalidation":false,"formfieldvalidation-run":"","workformreference":"","workformsamedeployment":true,"workformfieldvalidation":false,"workformfieldvalidation-run":"","inboundstarteventconfiguration":"","inboundchannelreference":"","inboundchannelkey":""},"ssextensions":[],"outgoing":[{"resourceId":"exitCriterion1"}],"dockers":[],"labels":[{"styles":{"fill":"#000000","size":"12","italic":false,"bold":false},"ref":"text_name"}]},{"resourceId":"connector1","stencil":{"id":"Connector"},"pathProperties":{},"xmlProperties":[],"childShapes":[],"bounds":{"lowerRight":{"x":261,"y":161},"upperLeft":{"x":206,"y":161}},"properties":{"stencilid":"Connector","stencilsuperid":"Connector","stencilsuperids":["Connector"],"customstencil":false,"bordercolor":"#000000","notes":"","id":"connector1","name":"complete","name_en_us":"complete","name_de_de":"complete","name_fr_fr":"complete","name_it_it":"complete","name_es_es":"complete","name_i18n-key":"","description":"","fontsize":"12","fontweight":"normal","fontstyle":"normal","fontcolor":"#000000","standardevent":"complete","display_ref_in_diagram":true},"ssextensions":[],"outgoing":[{"resourceId":"entryCriterion1"}],"dockers":[{"x":50,"y":40},{"x":238.5,"y":161},{"x":238.5,"y":161},{"x":9,"y":14}],"labels":[{"styles":{"fill":"#000000","size":"12","italic":false,"bold":false},"ref":"text_name"}],"target":{"resourceId":"entryCriterion1"}},{"resourceId":"connector2","stencil":{"id":"Connector"},"pathProperties":{},"xmlProperties":[],"childShapes":[],"bounds":{"lowerRight":{"x":296,"y":286},"upperLeft":{"x":296,"y":246}},"properties":{"stencilid":"Connector","stencilsuperid":"Connector","stencilsuperids":["Connector"],"customstencil":false,"bordercolor":"#000000","notes":"","id":"connector2","name":"complete","name_en_us":"complete","name_de_de":"complete","name_fr_fr":"complete","name_it_it":"complete","name_es_es":"complete","name_i18n-key":"","description":"","fontsize":"12","fontweight":"normal","fontstyle":"normal","fontcolor":"#000000","standardevent":"complete","display_ref_in_diagram":true},"ssextensions":[],"outgoing":[{"resourceId":"entryCriterion2"}],"dockers":[{"x":235.5,"y":85},{"x":9,"y":14}],"labels":[{"styles":{"fill":"#000000","size":"12","italic":false,"bold":false},"ref":"text_name"}],"target":{"resourceId":"entryCriterion2"}},{"resourceId":"connector3","stencil":{"id":"Connector"},"pathProperties":{},"xmlProperties":[],"childShapes":[],"bounds":{"lowerRight":{"x":297,"y":511},"upperLeft":{"x":297,"y":471}},"properties":{"stencilid":"Connector","stencilsuperid":"Connector","stencilsuperids":["Connector"],"customstencil":false,"bordercolor":"#000000","notes":"","id":"connector3","name":"complete","name_en_us":"complete","name_de_de":"complete","name_fr_fr":"complete","name_it_it":"complete","name_es_es":"complete","name_i18n-key":"","description":"","fontsize":"12","fontweight":"normal","fontstyle":"normal","fontcolor":"#000000","standardevent":"complete","display_ref_in_diagram":true},"ssextensions":[],"outgoing":[{"resourceId":"entryCriterion3"}],"dockers":[{"x":235.5,"y":85},{"x":9,"y":14}],"labels":[{"styles":{"fill":"#000000","size":"12","italic":false,"bold":false},"ref":"text_name"}],"target":{"resourceId":"entryCriterion3"}},{"resourceId":"connector4","stencil":{"id":"Connector"},"pathProperties":{},"xmlProperties":[],"childShapes":[],"bounds":{"lowerRight":{"x":261,"y":611},"upperLeft":{"x":206,"y":611}},"properties":{"stencilid":"Connector","stencilsuperid":"Connector","stencilsuperids":["Connector"],"customstencil":false,"bordercolor":"#000000","notes":"","id":"connector4","name":"complete","name_en_us":"complete","name_de_de":"complete","name_fr_fr":"complete","name_it_it":"complete","name_es_es":"complete","name_i18n-key":"","description":"","fontsize":"12","fontweight":"normal","fontstyle":"normal","fontcolor":"#000000","standardevent":"complete","display_ref_in_diagram":true},"ssextensions":[],"outgoing":[{"resourceId":"entryCriterion4"}],"dockers":[{"x":50,"y":40},{"x":238.5,"y":611},{"x":238.5,"y":611},{"x":9,"y":14}],"labels":[{"styles":{"fill":"#000000","size":"12","italic":false,"bold":false},"ref":"text_name"}],"target":{"resourceId":"entryCriterion4"}},{"resourceId":"connector12","stencil":{"id":"Connector"},"pathProperties":{},"xmlProperties":[],"childShapes":[],"bounds":{"lowerRight":{"x":676,"y":161},"upperLeft":{"x":627,"y":161}},"properties":{"stencilid":"Connector","stencilsuperid":"Connector","stencilsuperids":["Connector"],"customstencil":false,"bordercolor":"#000000","notes":"","id":"connector12","name":"occur","name_en_us":"occur","name_de_de":"occur","name_fr_fr":"occur","name_it_it":"occur","name_es_es":"occur","name_i18n-key":"","description":"","fontsize":"12","fontweight":"normal","fontstyle":"normal","fontcolor":"#000000","standardevent":"occur","display_ref_in_diagram":true},"ssextensions":[],"outgoing":[{"resourceId":"entryCriterion10"}],"dockers":[{"x":15.49800000000002,"y":15.500999999999994},{"x":9,"y":14}],"labels":[{"styles":{"fill":"#000000","size":"12","italic":false,"bold":false},"ref":"text_name"}],"target":{"resourceId":"entryCriterion10"}},{"resourceId":"connector13","stencil":{"id":"Connector"},"pathProperties":{},"xmlProperties":[],"childShapes":[],"bounds":{"lowerRight":{"x":677,"y":611},"upperLeft":{"x":533,"y":611}},"properties":{"stencilid":"Connector","stencilsuperid":"Connector","stencilsuperids":["Connector"],"customstencil":false,"bordercolor":"#000000","notes":"","id":"connector13","name":"complete","name_en_us":"complete","name_de_de":"complete","name_fr_fr":"complete","name_it_it":"complete","name_es_es":"complete","name_i18n-key":"","description":"","fontsize":"12","fontweight":"normal","fontstyle":"normal","fontcolor":"#000000","standardevent":"complete","display_ref_in_diagram":true},"ssextensions":[],"outgoing":[{"resourceId":"entryCriterion11"}],"dockers":[{"x":235.5,"y":85},{"x":610,"y":611},{"x":610,"y":611},{"x":9,"y":14}],"labels":[{"styles":{"fill":"#000000","size":"12","italic":false,"bold":false},"ref":"text_name"}],"target":{"resourceId":"entryCriterion11"}},{"resourceId":"connector7","stencil":{"id":"Connector"},"pathProperties":{},"xmlProperties":[],"childShapes":[],"bounds":{"lowerRight":{"x":884,"y":161},"upperLeft":{"x":786,"y":161}},"properties":{"stencilid":"Connector","stencilsuperid":"Connector","stencilsuperids":["Connector"],"customstencil":false,"bordercolor":"#000000","notes":"","id":"connector7","name":"complete","name_en_us":"complete","name_de_de":"complete","name_fr_fr":"complete","name_it_it":"complete","name_es_es":"complete","name_i18n-key":"","description":"","fontsize":"12","fontweight":"normal","fontstyle":"normal","fontcolor":"#000000","standardevent":"complete","display_ref_in_diagram":true},"ssextensions":[],"outgoing":[{"resourceId":"exitCriterion1"}],"dockers":[{"x":50,"y":40},{"x":9,"y":14}],"labels":[{"styles":{"fill":"#000000","size":"12","italic":false,"bold":false},"ref":"text_name"}],"target":{"resourceId":"exitCriterion1"}},{"resourceId":"exitCriterion1","stencil":{"id":"ExitCriterion"},"pathProperties":{},"xmlProperties":[],"childShapes":[],"bounds":{"lowerRight":{"x":903,"y":175},"upperLeft":{"x":885,"y":147}},"properties":{"stencilid":"ExitCriterion","stencilsuperid":"ExitCriterion","stencilsuperids":["ExitCriterion"],"customstencil":false,"fontsize":"12","notes":"","fontweight":"normal","fontstyle":"normal","fontcolor":"#000000","id":"exitCriterion1","name":"","name_en_us":"","name_de_de":"","name_fr_fr":"","name_it_it":"","name_es_es":"","name_i18n-key":"","description":"","condition":"${var:eq(root.areYouSure, 'yes')}","triggermode":"event","exittype":"default","exiteventtype":"exit"},"ssextensions":[],"outgoing":[],"dockers":[{"x":849,"y":116}]}],"bounds":{"lowerRight":{"x":1485,"y":1050},"upperLeft":{"x":0,"y":0}},"specialproperties":{"securitypolicy":{"type":"treeview"}},"outputmappingproperties":{"customcaseviewelements":{"type":"formlist","placeholders":[]},"namespaces":{"type":"complex","placeholders":[]}},"properties":{"stencilid":"CASEDiagram","stencilsuperid":"CASEDiagram","stencilsuperids":["CASEDiagram"],"customstencil":false,"owner":"","owner-run":"","notes":"","assignee":"","assignee-run":"","participantusers":"","participantusers-run":"","participantgroups":"","participantgroups-run":"","watcherusers":"","watcherusers-run":"","watchergroups":"","watchergroups-run":"","customcaseviewelements":{"totalCount":1,"items":[{"customViewKey":"casePageTask1","permissionGroups":"flowableUser"}]},"defaultmenunavigationsize":"expanded","customcaseviewheadersize":"","customcaseviewheadersize-run":"","id":"DPR_C002","name":"DPR_C002 Demo case","name_en_us":"","name_de_de":"","name_fr_fr":"","name_it_it":"","name_es_es":"","name_i18n-key":"","description":"","fontsize":"12","fontweight":"normal","fontstyle":"normal","fontcolor":"#000000","labelexpression":"","creationdate":"2022-05-04T05:39:03.098Z","modificationdate":"2022-05-04T05:42:17.502Z","caseinstancename":"","caseinstancename_en_us":"","caseinstancename_en_us-run":"","caseinstancename_de_de":"","caseinstancename_de_de-run":"","caseinstancename_fr_fr":"","caseinstancename_fr_fr-run":"","caseinstancename_it_it":"","caseinstancename_it_it-run":"","caseinstancename_es_es":"","caseinstancename_es_es-run":"","caseinstancename-run":"","caseinstancename_i18n-key":"","securitypolicy":"","customfolderpath":"","case_potentialstarteruser":"","case_potentialstarteruser-run":"","case_potentialstartergroup":"flowableUser","case_potentialstartergroup-run":"","do-not-inherit-start-user-as-owner":"","do-not-inherit-start-user-as-assignee":"","version":"","author":"","case_initiatorvariablename":"initiator","case_namespace":"","namespaces":""},"ssextensions":[],"stencilset":{"url":"./app/editor_stencilset","paletteKey":"flowable-case-palette","namespace":"http://b3mn.org/stencilset/case1.0#"}}}