{"id":"PROCESS_MODEL-9866510e-3885-4ce6-872b-f78b63e4bd4d","name":"DPR_P001 Cancel case","key":"DPR_P001","description":"","tenantId":"default","editorJson":{"resourceId":"editor_PROCESS_MODEL-9866510e-3885-4ce6-872b-f78b63e4bd4d","stencil":{"id":"BPMNDiagram"},"pathProperties":{},"xmlProperties":["processinstancename","processinstancename_en_us","processinstancename_en_us-run","processinstancename_de_de","processinstancename_de_de-run","processinstancename_fr_fr","processinstancename_fr_fr-run","processinstancename_it_it","processinstancename_it_it-run","processinstancename_es_es","processinstancename_es_es-run","processinstancename-run","processinstancename_i18n-key","process_namespace"],"childShapes":[{"resourceId":"sequenceFlow2","stencil":{"id":"SequenceFlow"},"pathProperties":{},"xmlProperties":[],"childShapes":[],"bounds":{"lowerRight":{"x":224,"y":170},"upperLeft":{"x":165,"y":170}},"outputmappingproperties":{"fields":{"type":"complex","placeholders":[]},"executionlistener":{"type":"complex","placeholders":[]}},"properties":{"stencilsuperid":"SequenceFlow","stencilsuperids":["SequenceFlow"],"customstencil":false,"bordercolor":"#000000","notes":"","executionlistener":"","name":"","name-run":"","id":"sequenceFlow2","bgcolor":"#ffffff","documentation":"","fontsize":"12","fontweight":"normal","fontstyle":"normal","fontcolor":"#000000","conditiontype":"None","conditionexpression":"","skipexpression":"","showdiamondmarker":false,"defaultflow":false,"xmlTag":"SequenceFlow"},"ssextensions":[],"outgoing":[{"resourceId":"formTask1"}],"dockers":[{"x":15,"y":15},{"x":50,"y":40}],"labels":[{"styles":{"fill":"#000000","size":"12","italic":false,"bold":false},"ref":"text_name"}],"target":{"resourceId":"formTask1"}},{"resourceId":"sequenceFlow3","stencil":{"id":"SequenceFlow"},"pathProperties":{},"xmlProperties":[],"childShapes":[],"bounds":{"lowerRight":{"x":389,"y":170},"upperLeft":{"x":325,"y":170}},"outputmappingproperties":{"fields":{"type":"complex","placeholders":[]},"executionlistener":{"type":"complex","placeholders":[]}},"properties":{"stencilsuperid":"SequenceFlow","stencilsuperids":["SequenceFlow"],"customstencil":false,"bordercolor":"#000000","notes":"","executionlistener":"","name":"","name-run":"","id":"sequenceFlow3","bgcolor":"#ffffff","documentation":"","fontsize":"12","fontweight":"normal","fontstyle":"normal","fontcolor":"#000000","conditiontype":"None","conditionexpression":"","skipexpression":"","showdiamondmarker":false,"defaultflow":false,"xmlTag":"SequenceFlow"},"ssextensions":[],"outgoing":[{"resourceId":"auditTask1"}],"dockers":[{"x":50,"y":40},{"x":50,"y":40}],"labels":[{"styles":{"fill":"#000000","size":"12","italic":false,"bold":false},"ref":"text_name"}],"target":{"resourceId":"auditTask1"}},{"resourceId":"sequenceFlow4","stencil":{"id":"SequenceFlow"},"pathProperties":{},"xmlProperties":[],"childShapes":[],"bounds":{"lowerRight":{"x":554,"y":170},"upperLeft":{"x":490,"y":170}},"outputmappingproperties":{"fields":{"type":"complex","placeholders":[]},"executionlistener":{"type":"complex","placeholders":[]}},"properties":{"stencilid":"SequenceFlow","stencilsuperid":"SequenceFlow","stencilsuperids":["SequenceFlow"],"customstencil":false,"bordercolor":"#000000","notes":"","executionlistener":"","name":"","name-run":"","id":"sequenceFlow4","bgcolor":"#ffffff","documentation":"","fontsize":"12","fontweight":"normal","fontstyle":"normal","fontcolor":"#000000","conditiontype":"None","conditionexpression":"","skipexpression":"","showdiamondmarker":false,"defaultflow":false,"xmlTag":"SequenceFlow"},"ssextensions":[],"outgoing":[{"resourceId":"endNoneEvent1"}],"dockers":[{"x":50,"y":40},{"x":14,"y":14}],"labels":[{"styles":{"fill":"#000000","size":"12","italic":false,"bold":false},"ref":"text_name"}],"target":{"resourceId":"endNoneEvent1"}},{"resourceId":"pool1","stencil":{"id":"Pool"},"pathProperties":{},"xmlProperties":["orientation"],"childShapes":[{"resourceId":"lane1","stencil":{"id":"Lane"},"pathProperties":{},"xmlProperties":["orientation"],"childShapes":[{"resourceId":"startnoneevent1","stencil":{"id":"StartNoneEvent"},"pathProperties":{},"xmlProperties":["formproperties"],"childShapes":[],"bounds":{"lowerRight":{"x":90,"y":140},"upperLeft":{"x":60,"y":110}},"specialproperties":{"formreference":{"type":"treeview"},"workformreference":{"type":"treeview"}},"outputmappingproperties":{"formproperties":{"type":"formlist","placeholders":[]},"fields":{"type":"complex","placeholders":[]},"executionlistener":{"type":"complex","placeholders":[]}},"properties":{"stencilid":"StartNoneEvent","stencilsuperid":"StartNoneEvent","stencilsuperids":["StartNoneEvent"],"customstencil":false,"formproperties":"","notes":"","interrupting":true,"bgcolor":"#ffffff","bordercolor":"#000000","executionlistener":"","name":"","name-run":"","id":"startnoneevent1","documentation":"","fontsize":"","fontweight":"","fontstyle":"","fontcolor":"#000000","async":false,"exclusive":true,"trigger":"None","initiator":"initiator","formreference":"","samedeployment":true,"formfieldvalidation":false,"formfieldvalidation-run":"","workformreference":"","workformsamedeployment":true,"workformfieldvalidation":false,"workformfieldvalidation-run":"","xmlTag":"StartNoneEvent"},"ssextensions":[],"outgoing":[{"resourceId":"sequenceFlow2"}],"dockers":[],"labels":[{"styles":{"fill":"#000000","size":"12","italic":false,"bold":false},"ref":"text_name"}]},{"resourceId":"formTask1","stencil":{"id":"Task"},"pathProperties":{},"xmlProperties":["exposetoobjectitems","exposeasmessageitems","formproperties"],"childShapes":[],"bounds":{"lowerRight":{"x":250,"y":165},"upperLeft":{"x":150,"y":85}},"specialproperties":{"form_entry":{"type":"treeview"},"securitypolicy":{"type":"treeview"}},"outputmappingproperties":{"fields":{"type":"complex","placeholders":[]},"executionlistener":{"type":"complex","placeholders":[]},"exposetoobjectitems":{"type":"complex","placeholders":[]},"exposeasmessageitems":{"type":"complex","placeholders":[]},"formproperties":{"type":"formlist","placeholders":[]},"genericproperty":{"type":"complex","placeholders":[]},"tasklistener":{"type":"complex","placeholders":[]}},"properties":{"stencilid":"FormTask","stencilsuperid":"Task","stencilsuperids":["Task"],"customstencil":false,"categories":"","notes":"","looptype":"None","loopcollection":"","loopelementvariable":"","loopelementindexvariable":"loopCounter","loopcardinality":"","completioncondition":"","isforcompensation":false,"executionlistener":"","exposetoobjectitems":"","async":false,"exclusive":true,"exposeasmessageitems":"","formproperties":"","bordercolor":"#000000","tasktype":"FormTask","bgcolor":"#ffffff","guid":"GEAR-3330c589-dd9d-438a-abf9-b3b0611643b8","skipexpression":"","owner":"","owner-run":"","assignee":"","assignee-run":"${initiator}","candidateusers":"","candidateusers-run":"","candidategroups":"","candidategroups-run":"","participantusers":"","participantusers-run":"","participantgroups":"","participantgroups-run":"","watcherusers":"","watcherusers-run":"","watchergroups":"","watchergroups-run":"","name":"Cancel case?","name-run":"Cancel case?","id":"formTask1","documentation":"","fontsize":"12","fontweight":"normal","fontstyle":"normal","fontcolor":"#000000","genericproperty":"","priority":"","duedate":"","categorydefinition":"","candidatestype":"all","name_en_us":"Cancel case?","name_en_us-run":"","name_de_de":"","name_de_de-run":"","name_fr_fr":"","name_fr_fr-run":"","name_it_it":"","name_it_it-run":"","name_es_es":"","name_es_es-run":"","name_i18n-key":"","form_entry":{"id":"FORM_MODEL-a364eeb8-a49a-4360-b9f9-4da82b6c505b","key":"DPR_F001"},"samedeployment":true,"formfieldvalidation":false,"formfieldvalidation-run":"","securitypolicy":"","exposetocaseview":true,"elementlabel":"","elementlabel_en_us":"","elementlabel_de_de":"","elementlabel_fr_fr":"","elementlabel_it_it":"","elementlabel_es_es":"","elementlabel_i18n-key":"","elementicon":"","elementindex":"","activestaterendering":"fullAccess","completedstaterendering":"hidden","tasklistener":"","customfolderpath":"","xmlTag":"FormTask"},"ssextensions":[],"outgoing":[{"resourceId":"sequenceFlow3"}],"dockers":[],"labels":[{"styles":{"fill":"#000000","size":"12","italic":false,"bold":false},"ref":"text_name"}]},{"resourceId":"auditTask1","stencil":{"id":"ServiceTask"},"pathProperties":{},"xmlProperties":["payload"],"childShapes":[],"bounds":{"lowerRight":{"x":415,"y":165},"upperLeft":{"x":315,"y":85}},"outputmappingproperties":{"fields":{"type":"complex","placeholders":[]},"executionlistener":{"type":"complex","placeholders":[]},"classfields":{"type":"complex","placeholders":[]},"payload":{"type":"complex","placeholders":[]}},"properties":{"stencilid":"AuditTask","stencilsuperid":"ServiceTask","stencilsuperids":["ServiceTask"],"customstencil":false,"categories":"","notes":"","looptype":"None","loopcollection":"","loopelementvariable":"","loopelementindexvariable":"loopCounter","loopcardinality":"","completioncondition":"","tasktype":"Service","bgcolor":"#ffffff","guid":"","skipexpression":"","isforcompensation":false,"expression":"","delegateexpression":"${auditLogService}","resultvariable":"","class":"","executionlistener":"","bordercolor":"#000000","async":false,"exclusive":true,"name":"Audit","name-run":"Audit","id":"auditTask1","documentation":"","fontsize":"12","fontweight":"normal","fontstyle":"normal","fontcolor":"#000000","classfields":"","servicetasktriggerable":false,"servicetaskstoreresultvariabletransient":"","servicetaskuselocalscopeforresultvariable":false,"overwrite":"","genericproperty":"","payload":{"totalCount":2,"items":[{"name":"message","value":"Case cancelled"},{"name":"category","value":"user"}]},"creatorid":"","externalid":"","type":"aborted","subtype":"","scopeid":"${root.id}","subscopeid":"","scopetype":"cmmn","scopedefinitionid":"","xmlTag":"ServiceTask"},"ssextensions":[],"outgoing":[{"resourceId":"sequenceFlow4"}],"dockers":[],"labels":[{"styles":{"fill":"#000000","size":"12","italic":false,"bold":false},"ref":"text_name"}]},{"resourceId":"endNoneEvent1","stencil":{"id":"EndNoneEvent"},"pathProperties":{},"xmlProperties":[],"childShapes":[],"bounds":{"lowerRight":{"x":508,"y":139},"upperLeft":{"x":480,"y":111}},"outputmappingproperties":{"fields":{"type":"complex","placeholders":[]},"executionlistener":{"type":"complex","placeholders":[]}},"properties":{"stencilid":"EndNoneEvent","stencilsuperid":"EndNoneEvent","stencilsuperids":["EndNoneEvent"],"customstencil":false,"bgcolor":"#ffffff","notes":"","bordercolor":"#000000","executionlistener":"","name":"","name-run":"","id":"endNoneEvent1","documentation":"","fontsize":"12","fontweight":"normal","fontstyle":"normal","fontcolor":"#000000","trigger":"None","terminateall":false,"xmlTag":"EndNoneEvent"},"ssextensions":[],"outgoing":[],"dockers":[],"labels":[{"styles":{"fill":"#000000","size":"12","italic":false,"bold":false},"ref":"text_name"}]}],"bounds":{"lowerRight":{"x":600,"y":250},"upperLeft":{"x":30,"y":0}},"properties":{"stencilid":"Lane","stencilsuperid":"Lane","stencilsuperids":["Lane"],"customstencil":false,"bordercolor":"#C0C0C0","notes":"","name":"Lane","name-run":"","id":"lane1","bgcolor":"#ffffff","documentation":"","fontsize":"12","fontweight":"normal","fontstyle":"normal","fontcolor":"#000000","orientation":"horizontal","parentpool":"","parentlane":"","showcaption":true,"xmlTag":"Lane"},"ssextensions":[],"outgoing":[],"dockers":[],"labels":[{"styles":{"fill":"#000000","size":"12","italic":false,"bold":false},"ref":"text_name"}]}],"bounds":{"lowerRight":{"x":645,"y":295},"upperLeft":{"x":45,"y":45}},"properties":{"stencilid":"Pool","stencilsuperid":"Pool","stencilsuperids":["Pool"],"customstencil":false,"isexecutable":true,"notes":"","bgcolor":"#ffffff","boundaryvisible":true,"bordercolor":"#C0C0C0","name":"Pool","name-run":"Pool","id":"pool1","documentation":"","fontsize":"12","fontweight":"normal","fontstyle":"normal","fontcolor":"#000000","orientation":"horizontal","processidentifier":"","xmlTag":"Pool"},"ssextensions":[],"outgoing":[],"dockers":[],"labels":[{"styles":{"fill":"#000000","size":"12","italic":false,"bold":false},"ref":"text_name"}]}],"bounds":{"lowerRight":{"x":1485,"y":1050},"upperLeft":{"x":0,"y":0}},"specialproperties":{"securitypolicy":{"type":"treeview"}},"outputmappingproperties":{"fields":{"type":"complex","placeholders":[]},"executionlistener":{"type":"complex","placeholders":[]},"dataproperties":{"type":"complex","placeholders":[]},"namespaces":{"type":"complex","placeholders":[]},"eventlisteners":{"type":"complex","placeholders":[]},"signaldefinitions":{"type":"complex","placeholders":[]},"messagedefinitions":{"type":"complex","placeholders":[]}},"properties":{"stencilid":"BPMNDiagram","stencilsuperid":"BPMNDiagram","stencilsuperids":["BPMNDiagram"],"customstencil":false,"executionlistener":"","notes":"","dataproperties":"","owner":"","owner-run":"","assignee":"","assignee-run":"","participantusers":"","participantusers-run":"","participantgroups":"","participantgroups-run":"","watcherusers":"","watcherusers-run":"","watchergroups":"","watchergroups-run":"","name":"DPR_P001 Cancel case","id":"DPR_P001","bgcolor":"#ffffff","documentation":"","fontsize":"12","fontweight":"normal","fontstyle":"normal","fontcolor":"#000000","labelexpression":"","name_en_us":"","name_de_de":"","name_fr_fr":"","name_it_it":"","name_es_es":"","name_i18n-key":"","guid":"PROCESS_MODEL-9866510e-3885-4ce6-872b-f78b63e4bd4d","author":"","language":"English","namespaces":"","creationdate":"2022-05-04T05:39:03.088Z","modificationdate":"2022-05-04T05:42:17.488Z","processinstancename":"","processinstancename_en_us":"","processinstancename_en_us-run":"","processinstancename_de_de":"","processinstancename_de_de-run":"","processinstancename_fr_fr":"","processinstancename_fr_fr-run":"","processinstancename_it_it":"","processinstancename_it_it-run":"","processinstancename_es_es":"","processinstancename_es_es-run":"","processinstancename-run":"","processinstancename_i18n-key":"","isprocessexecutable":true,"securitypolicy":"","customfolderpath":"","process_potentialstarteruser":"","process_potentialstarteruser-run":"","process_potentialstartergroup":"flowableUser","process_potentialstartergroup-run":"","do-not-inherit-start-user-as-owner":"","do-not-inherit-start-user-as-assignee":"","process_namespace":"","process_historylevel":"","eventlisteners":"","signaldefinitions":"","messagedefinitions":"","iseagerexecutionfetch":false,"initiator":"","version":"","process_author":"","xmlTag":"BPMNDiagram","description":""},"ssextensions":[],"stencilset":{"url":"./app/editor_stencilset","paletteKey":"flowable-process-palette","namespace":"http://b3mn.org/stencilset/bpmn2.0#"}}}