{"id":"FORM_MODEL-5629bbe3-b0bc-4f3a-a10e-58cda72b090b","name":"Signal case work form","key":"SIG_F002","description":"","tenantId":"default","editorJson":{"resourceId":"editor_FORM_MODEL-5629bbe3-b0bc-4f3a-a10e-58cda72b090b","stencil":{"id":"XForm"},"pathProperties":{"outcomes":"outcomes","outcomevariablename":"outcomeVariableName","datamodel":"dataModel","dialog-size":"dialogSize","dialog-title":"dialogTitle","dialog-title_en_us":"i18n.en_us.dialogTitle","dialog-title_de_de":"i18n.de_de.dialogTitle","dialog-title_fr_fr":"i18n.fr_fr.dialogTitle","dialog-title_it_it":"i18n.it_it.dialogTitle","dialog-title_es_es":"i18n.es_es.dialogTitle","dialog-title_i18n-key":"dialogTitle","dialog-description":"dialogDescription","force-validation":"forceValidation","custom-validations":"customValidations","custom-validations_en_us":"i18n.en_us.customValidations","custom-validations_de_de":"i18n.de_de.customValidations","custom-validations_fr_fr":"i18n.fr_fr.customValidations","custom-validations_it_it":"i18n.it_it.customValidations","custom-validations_es_es":"i18n.es_es.customValidations","custom-validations_i18n-key":"customValidations"},"xmlProperties":[],"childShapes":[{"resourceId":"panel1","stencil":{"id":"SlotPanel"},"pathProperties":{"id":"id"},"xmlProperties":[],"childShapes":[{"resourceId":"datatable1","stencil":{"id":"base-datatable"},"pathProperties":{"label":"label","label_en_us":"i18n.en_us.label","label_de_de":"i18n.de_de.label","label_fr_fr":"i18n.fr_fr.label","label_it_it":"i18n.it_it.label","label_es_es":"i18n.es_es.label","label_i18n-key":"label","enabled":"enabled","enabled-run":"enabled","datasource":"extraSettings.dataSource","options":"extraSettings.items","options_en_us":"i18n.en_us.extraSettings.items","options_en_us-run":"i18n.en_us.extraSettings.items","options_de_de":"i18n.de_de.extraSettings.items","options_de_de-run":"i18n.de_de.extraSettings.items","options_fr_fr":"i18n.fr_fr.extraSettings.items","options_fr_fr-run":"i18n.fr_fr.extraSettings.items","options_it_it":"i18n.it_it.extraSettings.items","options_it_it-run":"i18n.it_it.extraSettings.items","options_es_es":"i18n.es_es.extraSettings.items","options_es_es-run":"i18n.es_es.extraSettings.items","options-run":"extraSettings.items","options_i18n-key":"extraSettings.items","table-key":"extraSettings.tableKey","table-key-run":"extraSettings.tableKey","query-url":"extraSettings.queryUrl","query-url-run":"extraSettings.queryUrl","lookup-url":"extraSettings.lookupUrl","lookup-url-run":"extraSettings.lookupUrl","path":"extraSettings.path","search-query":"extraSettings.searchQuery","link-target-view":"extraSettings.linkTargetView","format-item":"extraSettings.formatItem","auto-complete-type":"extraSettings.storage","serialize-item":"extraSettings.identity","serialize-item-master":"extraSettings.identity","serialize-item-full":"extraSettings.identity","link-item":"extraSettings.linkUrl","link-target":"extraSettings.linkTarget","label-position":"labelAlign","tooltip":"tooltip","tooltip_en_us":"i18n.en_us.tooltip","tooltip_de_de":"i18n.de_de.tooltip","tooltip_fr_fr":"i18n.fr_fr.tooltip","tooltip_it_it":"i18n.it_it.tooltip","tooltip_es_es":"i18n.es_es.tooltip","tooltip_i18n-key":"tooltip","value":"value","default-value":"defaultValue","description":"description","description_en_us":"i18n.en_us.description","description_de_de":"i18n.de_de.description","description_fr_fr":"i18n.fr_fr.description","description_it_it":"i18n.it_it.description","description_es_es":"i18n.es_es.description","description_i18n-key":"description","col-span":"size","ignored":"ignore","ignored-run":"ignore","visible":"visible","visible-run":"visible","required":"isRequired","required-run":"isRequired","style-class":"styleClass","custom-validations":"customValidations","custom-validations_en_us":"i18n.en_us.customValidations","custom-validations_de_de":"i18n.de_de.customValidations","custom-validations_fr_fr":"i18n.fr_fr.customValidations","custom-validations_it_it":"i18n.it_it.customValidations","custom-validations_es_es":"i18n.es_es.customValidations","custom-validations_i18n-key":"customValidations","id":"id","selectable":"extraSettings.selectable","output-num-rows":"extraSettings.output.numRows","infinite-scroll":"extraSettings.infiniteScroll","infinite-scroll-visible-elements":"extraSettings.infiniteScrollVisibleElements","show-pagination":"extraSettings.showPagination","show-pagination-run":"extraSettings.showPagination","auto-hide-pagination":"extraSettings.autoHidePagination","auto-hide-pagination-run":"extraSettings.autoHidePagination","client-pagination":"extraSettings.clientPagination","expandable-panel":"extraSettings.expandablePanel","expandable-panel-run":"extraSettings.expandablePanel","configurable-columns":"extraSettings.sortableColumns","configurable-columns-run":"extraSettings.sortableColumns","columns":"extraSettings.columns","columns_en_us":"i18n.en_us.extraSettings.columns","columns_de_de":"i18n.de_de.extraSettings.columns","columns_fr_fr":"i18n.fr_fr.extraSettings.columns","columns_it_it":"i18n.it_it.extraSettings.columns","columns_es_es":"i18n.es_es.extraSettings.columns","columns_i18n-key":"extraSettings.columns","filterable":"extraSettings.filterable","sortable":"extraSettings.sortable","multi-sort":"extraSettings.multiSort","page-size":"extraSettings.pageSize","page-size-options":"extraSettings.pageSizeOptions","show-total-records":"extraSettings.showTotalRecords","path-run":"extraSettings.path","response":"extraSettings.response","show-refresh-button":"extraSettings.showRefreshButton","refresh-time":"extraSettings.refreshTime","refresh-time-run":"extraSettings.refreshTime","data-polling-on-init":"extraSettings.dataPollingOnInit","url":"extraSettings.url","target":"extraSettings.target","sort-asc":"extraSettings.sortAsc","sort-desc":"extraSettings.sortDesc","sort-pattern":"extraSettings.sortPattern","sort-separator":"extraSettings.sortSeparator","filter-pattern":"extraSettings.filterPattern","filter-separator":"extraSettings.filterSeparator","no-data-message":"extraSettings.noDataMessage","no-data-message_en_us":"i18n.en_us.extraSettings.noDataMessage","no-data-message_de_de":"i18n.de_de.extraSettings.noDataMessage","no-data-message_fr_fr":"i18n.fr_fr.extraSettings.noDataMessage","no-data-message_it_it":"i18n.it_it.extraSettings.noDataMessage","no-data-message_es_es":"i18n.es_es.extraSettings.noDataMessage","no-data-message_i18n-key":"extraSettings.noDataMessage","no-data-position":"extraSettings.nodataPosition","conditional-formatting":"extraSettings.conditionalFormatting","favorite-key":"extraSettings.favorite.key"},"xmlProperties":["table-key","table-key-run","query-url","query-url-run","lookup-url","lookup-url-run","path","format-item","auto-complete-type","serialize-item","serialize-item-master","serialize-item-full","link-item","path-run"],"childShapes":[],"bounds":{"lowerRight":{"x":984,"y":93},"upperLeft":{"x":15,"y":25}},"specialproperties":{"expandable-panel":{"type":"treeview"}},"outputmappingproperties":{"options":{"type":"complex","placeholders":[]},"options_en_us":{"type":"complex","placeholders":[]},"options_de_de":{"type":"complex","placeholders":[]},"options_fr_fr":{"type":"complex","placeholders":[]},"options_it_it":{"type":"complex","placeholders":[]},"options_es_es":{"type":"complex","placeholders":[]},"custom-validations":{"type":"complex","placeholders":[]},"custom-validations_en_us":{"type":"complex","placeholders":[]},"custom-validations_de_de":{"type":"complex","placeholders":[]},"custom-validations_fr_fr":{"type":"complex","placeholders":[]},"custom-validations_it_it":{"type":"complex","placeholders":[]},"custom-validations_es_es":{"type":"complex","placeholders":[]},"columns":{"type":"complex","placeholders":[]},"columns_en_us":{"type":"complex","placeholders":[]},"columns_de_de":{"type":"complex","placeholders":[]},"columns_fr_fr":{"type":"complex","placeholders":[]},"columns_it_it":{"type":"complex","placeholders":[]},"columns_es_es":{"type":"complex","placeholders":[]},"page-size-options":{"type":"complex","placeholders":[]},"response":{"type":"complexkeyvalue","keymap":{"type":"simpletext","key":"key"},"valuemap":{"type":"simpletext","key":"value"}},"conditional-formatting":{"type":"complex","placeholders":[]}},"properties":{"stencilid":"cloud-datatable","stencilsuperid":"base-datatable","stencilsuperids":["base-datatable"],"customstencil":false,"bordercolor":"#000000","notes":"","label":"","label_en_us":"","label_de_de":"","label_fr_fr":"","label_it_it":"","label_es_es":"","label_i18n-key":"","enabled":true,"enabled-run":"","datasource":"Rest","options":"","options_en_us-run":"","options_de_de-run":"","options_fr_fr-run":"","options_it_it-run":"","options_es_es-run":"","options-run":"","options_i18n-key":"","table-key":"","table-key-run":"","query-url":"{{endpoints.platform}}/audit-trail?rootId={{root.id}}&scopeType=cmmn","query-url-run":"{{endpoints.platform}}/audit-trail?rootId={{root.id}}&scopeType=cmmn","lookup-url":"","lookup-url-run":"","path":"data","search-query":"","link-target-view":"browse","format-item":"","auto-complete-type":"Id","serialize-item":"id","serialize-item-master":"id","serialize-item-full":"","link-item":"","link-target":"_blank","label-position":"top","tooltip":"","tooltip_en_us":"","tooltip_de_de":"","tooltip_fr_fr":"","tooltip_it_it":"","tooltip_es_es":"","tooltip_i18n-key":"","value":"","default-value":"","description":"","description_en_us":"","description_de_de":"","description_fr_fr":"","description_it_it":"","description_es_es":"","description_i18n-key":"","col-span":"1","ignored":false,"ignored-run":"","visible":true,"visible-run":"","required":false,"required-run":"","style-class":"","documentation":"","custom-validations":"","custom-validations_en_us":"","custom-validations_de_de":"","custom-validations_fr_fr":"","custom-validations_it_it":"","custom-validations_es_es":"","custom-validations_i18n-key":"","id":"datatable1","width":"200","height":"","col":1,"col-align":"fill","col-weight":"","row":1,"row-align":"top","row-weight":"","size":12,"description-position":"bottom","description-align":"left","node-type":"","selectable":"","output-num-rows":"","infinite-scroll":true,"infinite-scroll-visible-elements":"10","show-pagination":true,"show-pagination-run":"","auto-hide-pagination":true,"auto-hide-pagination-run":"","client-pagination":true,"expandable-panel":"","expandable-panel-run":"","configurable-columns":false,"configurable-columns-run":"","columns":{"totalCount":5,"items":[{"label":"ID","id":"id","accessor":"id","alignment":"left","className":"","component":"","filterable":"","maxWidth":"","minWidth":"","width":"","sortable":"","show":true,"show_rt":""},{"label":"Time stamp","id":"creationTime","accessor":"creationTime","alignment":"left","className":"","component":"","filterable":"","maxWidth":"","minWidth":"","width":"","sortable":"","show":true,"show_rt":""},{"label":"Type","id":"type","accessor":"type","alignment":"left","className":"","component":"","filterable":"","maxWidth":"","minWidth":"","width":"","sortable":"","show":true,"show_rt":""},{"label":"Log code","id":"subType","accessor":"subType","alignment":"left","className":"","component":"","filterable":"","maxWidth":"","minWidth":"","width":"","sortable":"","show":true,"show_rt":""},{"label":"Message","id":"content","accessor":"content","alignment":"left","className":"","component":"","filterable":"","maxWidth":"","minWidth":"","width":"","sortable":"","show":true,"show_rt":""}]},"columns_en_us":{"totalCount":5,"items":[{"label":"ID","id":"id","accessor":"id","alignment":"left","className":"","component":"","filterable":"","maxWidth":"","minWidth":"","width":"","sortable":"","show":true,"show_rt":""},{"label":"Time stamp","id":"creationTime","accessor":"creationTime","alignment":"left","className":"","component":"","filterable":"","maxWidth":"","minWidth":"","width":"","sortable":"","show":true,"show_rt":""},{"label":"Type","id":"type","accessor":"type","alignment":"left","className":"","component":"","filterable":"","maxWidth":"","minWidth":"","width":"","sortable":"","show":true,"show_rt":""},{"label":"Log code","id":"subType","accessor":"subType","alignment":"left","className":"","component":"","filterable":"","maxWidth":"","minWidth":"","width":"","sortable":"","show":true,"show_rt":""},{"label":"Message","id":"content","accessor":"content","alignment":"left","className":"","component":"","filterable":"","maxWidth":"","minWidth":"","width":"","sortable":"","show":true,"show_rt":""}]},"columns_de_de":"","columns_fr_fr":"","columns_it_it":"","columns_es_es":"","columns_i18n-key":"","filterable":false,"sortable":false,"multi-sort":false,"page-size":"10","page-size-options":{"totalCount":6,"items":[{"page-size":5},{"page-size":10},{"page-size":20},{"page-size":25},{"page-size":50},{"page-size":100}]},"show-total-records":false,"path-run":"data","response":{"totalCount":3,"items":[{"key":"next","value":""},{"key":"previous","value":""},{"key":"total","value":""}]},"show-refresh-button":"","refresh-time":"","refresh-time-run":"","data-polling-on-init":false,"url":"","target":"_blank","sort-asc":"","sort-desc":"","sort-pattern":"","sort-separator":"","filter-pattern":"","filter-separator":"","no-data-message":"","no-data-message_en_us":"","no-data-message_de_de":"","no-data-message_fr_fr":"","no-data-message_it_it":"","no-data-message_es_es":"","no-data-message_i18n-key":"","no-data-position":"middle-center","conditional-formatting":"","favorite-key":"","xmlTag":"dataTable"},"ssextensions":[],"outgoing":[],"dockers":[],"labels":[{"styles":{"fill":"#000000","size":"12","italic":false,"bold":false},"ref":"label_text"},{"styles":{"fill":"#000000","size":"12","italic":false,"bold":false},"ref":"input_text"},{"styles":{"fill":"#000000","size":"12","italic":false,"bold":false},"ref":"input_dependent_text_1"},{"styles":{"fill":"#000000","size":"12","italic":false,"bold":false},"ref":"desc_text"}]}],"bounds":{"lowerRight":{"x":1049,"y":168},"upperLeft":{"x":50,"y":50}},"oldResourceId":"sid-8D9FC954-EB33-4C05-ADF0-5706EF50E974","properties":{"stencilid":"SlotPanel","stencilsuperid":"SlotPanel","stencilsuperids":["SlotPanel"],"customstencil":false,"id":"panel1","notes":"","width":"300"},"ssextensions":[],"outgoing":[],"dockers":[]}],"bounds":{"lowerRight":{"x":1485,"y":1050},"upperLeft":{"x":0,"y":0}},"outputmappingproperties":{"outcomes":{"type":"formlist","placeholders":[]},"datamodel":{"type":"complex","placeholders":[]},"custom-validations":{"type":"complex","placeholders":[]},"custom-validations_en_us":{"type":"complex","placeholders":[]},"custom-validations_de_de":{"type":"complex","placeholders":[]},"custom-validations_fr_fr":{"type":"complex","placeholders":[]},"custom-validations_it_it":{"type":"complex","placeholders":[]},"custom-validations_es_es":{"type":"complex","placeholders":[]}},"properties":{"stencilid":"XForm","stencilsuperid":"XForm","stencilsuperids":["XForm"],"customstencil":false,"id":"SIG_F002","notes":"","name":"Signal case work form","guid":"FORM_MODEL-5629bbe3-b0bc-4f3a-a10e-58cda72b090b","creationdate":"2021-10-27T05:30:15.212Z","modificationdate":"2021-10-27T06:03:57.230Z","outcomes":"","outcomevariablename":"","datamodel":"","dialog-size":"","dialog-title":"","dialog-title_en_us":"","dialog-title_de_de":"","dialog-title_fr_fr":"","dialog-title_it_it":"","dialog-title_es_es":"","dialog-title_i18n-key":"","dialog-description":"","force-validation":"","custom-validations":"","custom-validations_en_us":"","custom-validations_de_de":"","custom-validations_fr_fr":"","custom-validations_it_it":"","custom-validations_es_es":"","custom-validations_i18n-key":"","description":""},"ssextensions":[],"stencilset":{"url":"./app/editor_stencilset","paletteKey":"flowable-form-palette","namespace":"http://b3mn.org/stencilset/xforms#"}}}