{"id":"APP_MODEL-5962046e-91fa-4844-8d37-a44dfb5a517f","name":"Signal example app","key":"SIG_APP","description":"","editorJson":{"models":[],"cmmnModels":[{"id":"CASE_MODEL-125959c5-93f2-45b7-a8a9-c08570b74d25","name":"Signal case","version":1,"modelType":5,"description":"","createdBy":"admin","lastUpdatedBy":"admin","lastUpdated":"2022-05-04T06:03:04.669+00:00","key":"SIG_C001","tenantId":"default","defaultTenantModel":true,"tags":[]}],"formModels":[],"dmnModels":[],"decisionServiceModels":[],"workModels":[],"linkedModels":[],"pages":[],"theme":"theme-1","icon":"glyphicon-asterisk","name":"Signal example app","key":"SIG_APP","flowApp":false,"i18n":{}}}