{"id":"PROCESS_MODEL-aeb2a540-cd14-4964-aada-79ab45240bcc","name":"Write to audit trail","key":"SIG_P002","description":"","tenantId":"default","editorJson":{"resourceId":"editor_PROCESS_MODEL-aeb2a540-cd14-4964-aada-79ab45240bcc","stencil":{"id":"BPMNDiagram"},"pathProperties":{},"xmlProperties":["processinstancename","processinstancename_en_us","processinstancename_en_us-run","processinstancename_de_de","processinstancename_de_de-run","processinstancename_fr_fr","processinstancename_fr_fr-run","processinstancename_it_it","processinstancename_it_it-run","processinstancename_es_es","processinstancename_es_es-run","processinstancename-run","processinstancename_i18n-key","process_namespace"],"childShapes":[{"resourceId":"startnoneevent1","stencil":{"id":"StartNoneEvent"},"pathProperties":{},"xmlProperties":["formproperties"],"childShapes":[],"bounds":{"lowerRight":{"x":147,"y":291},"upperLeft":{"x":117,"y":261}},"specialproperties":{"formreference":{"type":"treeview"},"workformreference":{"type":"treeview"}},"outputmappingproperties":{"formproperties":{"type":"formlist","placeholders":[]},"fields":{"type":"complex","placeholders":[]},"executionlistener":{"type":"complex","placeholders":[]}},"properties":{"stencilid":"StartNoneEvent","stencilsuperid":"StartNoneEvent","stencilsuperids":["StartNoneEvent"],"customstencil":false,"formproperties":"","notes":"","interrupting":true,"bgcolor":"#ffffff","bordercolor":"#000000","executionlistener":"","name":"","name-run":"","id":"startnoneevent1","documentation":"","fontsize":"","fontweight":"","fontstyle":"","fontcolor":"#000000","async":false,"exclusive":true,"trigger":"None","initiator":"initiator","formreference":"","samedeployment":true,"formfieldvalidation":false,"formfieldvalidation-run":"","workformreference":"","workformsamedeployment":true,"workformfieldvalidation":false,"workformfieldvalidation-run":"","xmlTag":"StartNoneEvent"},"ssextensions":[],"outgoing":[{"resourceId":"sequenceFlow1"}],"dockers":[],"labels":[{"styles":{"fill":"#000000","size":"12","italic":false,"bold":false},"ref":"text_name"}]},{"resourceId":"variableActivity1","stencil":{"id":"ServiceTask"},"pathProperties":{},"xmlProperties":["loopvariableaggregation","initvariablemap","overwrite","overwrite-run"],"childShapes":[],"bounds":{"lowerRight":{"x":296,"y":316},"upperLeft":{"x":196,"y":236}},"outputmappingproperties":{"loopvariableaggregation":{"type":"formlist","placeholders":[]},"fields":{"type":"complex","placeholders":[]},"executionlistener":{"type":"complex","placeholders":[]},"classfields":{"type":"complex","placeholders":[]},"exceptionmappings":{"type":"complex","placeholders":[]}},"properties":{"stencilid":"VariableActivity","stencilsuperid":"ServiceTask","stencilsuperids":["ServiceTask"],"customstencil":false,"categories":"","notes":"","looptype":"None","loopcollection":"","loopelementvariable":"","loopelementindexvariable":"loopCounter","loopcardinality":"","completioncondition":"","loopvariableaggregation":"","tasktype":"Service","bgcolor":"#ffffff","guid":"","skipexpression":"","isforcompensation":false,"expression":"","delegateexpression":"${initVariablesService}","resultvariable":"","class":"","executionlistener":"","bordercolor":"#000000","async":false,"exclusive":true,"name":"Initialize variables","name-run":"Initialize variables","id":"variableActivity1","documentation":"","fontsize":"12","fontweight":"normal","fontstyle":"normal","fontcolor":"#000000","classfields":"","servicetasktriggerable":false,"servicetaskstoreresultvariabletransient":"","servicetaskuselocalscopeforresultvariable":false,"exceptionmappings":"","servicetaskfailedjobretrytimecycle":"","initvariablemap":{"totalCount":3,"items":[{"target":"","name":"logCode","valueType":"string","value":"Log code undefined"},{"target":"","name":"message","valueType":"string","value":"Message undefined"},{"target":"","name":"type","valueType":"string","value":"Type undefined"}]},"overwrite":false,"overwrite-run":"","genericproperty":"","xmlTag":"ServiceTask"},"ssextensions":[],"outgoing":[{"resourceId":"sequenceFlow2"}],"dockers":[],"labels":[{"styles":{"fill":"#000000","size":"12","italic":false,"bold":false},"ref":"text_name"}]},{"resourceId":"sequenceFlow1","stencil":{"id":"SequenceFlow"},"pathProperties":{},"xmlProperties":[],"childShapes":[],"bounds":{"lowerRight":{"x":195,"y":276},"upperLeft":{"x":147,"y":276}},"outputmappingproperties":{"fields":{"type":"complex","placeholders":[]},"executionlistener":{"type":"complex","placeholders":[]}},"properties":{"stencilid":"SequenceFlow","stencilsuperid":"SequenceFlow","stencilsuperids":["SequenceFlow"],"customstencil":false,"bordercolor":"#000000","notes":"","executionlistener":"","name":"","name-run":"","id":"sequenceFlow1","bgcolor":"#ffffff","documentation":"","fontsize":"12","fontweight":"normal","fontstyle":"normal","fontcolor":"#000000","conditionexpression":"","skipexpression":"","showdiamondmarker":false,"defaultflow":false,"xmlTag":"SequenceFlow"},"ssextensions":[],"outgoing":[{"resourceId":"variableActivity1"}],"dockers":[{"x":15,"y":15},{"x":50,"y":40}],"labels":[{"styles":{"fill":"#000000","size":"12","italic":false,"bold":false},"ref":"text_name"}],"target":{"resourceId":"variableActivity1"}},{"resourceId":"auditTask1","stencil":{"id":"ServiceTask"},"pathProperties":{},"xmlProperties":["loopvariableaggregation","payload"],"childShapes":[],"bounds":{"lowerRight":{"x":460,"y":316},"upperLeft":{"x":360,"y":236}},"outputmappingproperties":{"loopvariableaggregation":{"type":"formlist","placeholders":[]},"fields":{"type":"complex","placeholders":[]},"executionlistener":{"type":"complex","placeholders":[]},"classfields":{"type":"complex","placeholders":[]},"exceptionmappings":{"type":"complex","placeholders":[]},"payload":{"type":"complex","placeholders":[]}},"properties":{"stencilid":"AuditTask","stencilsuperid":"ServiceTask","stencilsuperids":["ServiceTask"],"customstencil":false,"categories":"","notes":"","looptype":"None","loopcollection":"","loopelementvariable":"","loopelementindexvariable":"loopCounter","loopcardinality":"","completioncondition":"","loopvariableaggregation":"","tasktype":"Service","bgcolor":"#ffffff","guid":"","skipexpression":"","isforcompensation":false,"expression":"","delegateexpression":"${auditLogService}","resultvariable":"","class":"","executionlistener":"","bordercolor":"#000000","async":false,"exclusive":true,"name":"Audit","name-run":"Audit","id":"auditTask1","documentation":"","fontsize":"12","fontweight":"normal","fontstyle":"normal","fontcolor":"#000000","classfields":"","servicetasktriggerable":false,"servicetaskstoreresultvariabletransient":"","servicetaskuselocalscopeforresultvariable":false,"exceptionmappings":"","servicetaskfailedjobretrytimecycle":"","overwrite":"","genericproperty":"","payload":{"totalCount":1,"items":[{"name":"message","value":"${message}"}]},"creatorid":"","externalid":"","type":"${type}","subtype":"${logCode}","scopeid":"${root.id}","subscopeid":"","scopetype":"cmmn","scopedefinitionid":"","xmlTag":"ServiceTask"},"ssextensions":[],"outgoing":[{"resourceId":"sequenceFlow3"}],"dockers":[],"labels":[{"styles":{"fill":"#000000","size":"12","italic":false,"bold":false},"ref":"text_name"}]},{"resourceId":"sequenceFlow2","stencil":{"id":"SequenceFlow"},"pathProperties":{},"xmlProperties":[],"childShapes":[],"bounds":{"lowerRight":{"x":359,"y":276},"upperLeft":{"x":296,"y":276}},"outputmappingproperties":{"fields":{"type":"complex","placeholders":[]},"executionlistener":{"type":"complex","placeholders":[]}},"properties":{"stencilid":"SequenceFlow","stencilsuperid":"SequenceFlow","stencilsuperids":["SequenceFlow"],"customstencil":false,"bordercolor":"#000000","notes":"","executionlistener":"","name":"","name-run":"","id":"sequenceFlow2","bgcolor":"#ffffff","documentation":"","fontsize":"12","fontweight":"normal","fontstyle":"normal","fontcolor":"#000000","conditionexpression":"","skipexpression":"","showdiamondmarker":false,"defaultflow":false,"xmlTag":"SequenceFlow"},"ssextensions":[],"outgoing":[{"resourceId":"auditTask1"}],"dockers":[{"x":50,"y":40},{"x":50,"y":40}],"labels":[{"styles":{"fill":"#000000","size":"12","italic":false,"bold":false},"ref":"text_name"}],"target":{"resourceId":"auditTask1"}},{"resourceId":"endNoneEvent1","stencil":{"id":"EndNoneEvent"},"pathProperties":{},"xmlProperties":[],"childShapes":[],"bounds":{"lowerRight":{"x":533,"y":290},"upperLeft":{"x":505,"y":262}},"outputmappingproperties":{"fields":{"type":"complex","placeholders":[]},"executionlistener":{"type":"complex","placeholders":[]}},"properties":{"stencilid":"EndNoneEvent","stencilsuperid":"EndNoneEvent","stencilsuperids":["EndNoneEvent"],"customstencil":false,"bgcolor":"#ffffff","notes":"","bordercolor":"#000000","executionlistener":"","name":"","name-run":"","id":"endNoneEvent1","documentation":"","fontsize":"12","fontweight":"normal","fontstyle":"normal","fontcolor":"#000000","trigger":"None","terminateall":false,"xmlTag":"EndNoneEvent"},"ssextensions":[],"outgoing":[],"dockers":[],"labels":[{"styles":{"fill":"#000000","size":"12","italic":false,"bold":false},"ref":"text_name"}]},{"resourceId":"sequenceFlow3","stencil":{"id":"SequenceFlow"},"pathProperties":{},"xmlProperties":[],"childShapes":[],"bounds":{"lowerRight":{"x":504,"y":276},"upperLeft":{"x":460,"y":276}},"outputmappingproperties":{"fields":{"type":"complex","placeholders":[]},"executionlistener":{"type":"complex","placeholders":[]}},"properties":{"stencilid":"SequenceFlow","stencilsuperid":"SequenceFlow","stencilsuperids":["SequenceFlow"],"customstencil":false,"bordercolor":"#000000","notes":"","executionlistener":"","name":"","name-run":"","id":"sequenceFlow3","bgcolor":"#ffffff","documentation":"","fontsize":"12","fontweight":"normal","fontstyle":"normal","fontcolor":"#000000","conditionexpression":"","skipexpression":"","showdiamondmarker":false,"defaultflow":false,"xmlTag":"SequenceFlow"},"ssextensions":[],"outgoing":[{"resourceId":"endNoneEvent1"}],"dockers":[{"x":50,"y":40},{"x":14,"y":14}],"labels":[{"styles":{"fill":"#000000","size":"12","italic":false,"bold":false},"ref":"text_name"}],"target":{"resourceId":"endNoneEvent1"}}],"bounds":{"lowerRight":{"x":1485,"y":1050},"upperLeft":{"x":0,"y":0}},"specialproperties":{"securitypolicy":{"type":"treeview"}},"outputmappingproperties":{"fields":{"type":"complex","placeholders":[]},"executionlistener":{"type":"complex","placeholders":[]},"dataproperties":{"type":"complex","placeholders":[]},"namespaces":{"type":"complex","placeholders":[]},"eventlisteners":{"type":"complex","placeholders":[]},"signaldefinitions":{"type":"complex","placeholders":[]},"messagedefinitions":{"type":"complex","placeholders":[]}},"properties":{"stencilid":"BPMNDiagram","stencilsuperid":"BPMNDiagram","stencilsuperids":["BPMNDiagram"],"customstencil":false,"executionlistener":"","notes":"","dataproperties":"","owner":"","owner-run":"","assignee":"","assignee-run":"","participantusers":"","participantusers-run":"","participantgroups":"","participantgroups-run":"","watcherusers":"","watcherusers-run":"","watchergroups":"","watchergroups-run":"","name":"Write to audit trail","id":"SIG_P002","bgcolor":"#ffffff","documentation":"","fontsize":"12","fontweight":"normal","fontstyle":"normal","fontcolor":"#000000","labelexpression":"","name_en_us":"","name_de_de":"","name_fr_fr":"","name_it_it":"","name_es_es":"","name_i18n-key":"","guid":"PROCESS_MODEL-aeb2a540-cd14-4964-aada-79ab45240bcc","author":"","language":"English","namespaces":"","creationdate":"2021-10-27T05:30:15.236Z","modificationdate":"2021-10-27T05:31:50.213Z","processinstancename":"","processinstancename_en_us":"","processinstancename_en_us-run":"","processinstancename_de_de":"","processinstancename_de_de-run":"","processinstancename_fr_fr":"","processinstancename_fr_fr-run":"","processinstancename_it_it":"","processinstancename_it_it-run":"","processinstancename_es_es":"","processinstancename_es_es-run":"","processinstancename-run":"","processinstancename_i18n-key":"","isprocessexecutable":true,"securitypolicy":"","customfolderpath":"","process_potentialstarteruser":"","process_potentialstarteruser-run":"","process_potentialstartergroup":"flowableUser","process_potentialstartergroup-run":"","do-not-inherit-start-user-as-owner":"","do-not-inherit-start-user-as-assignee":"","process_namespace":"","process_historylevel":"","eventlisteners":"","signaldefinitions":"","messagedefinitions":"","iseagerexecutionfetch":false,"initiator":"","version":"","process_author":"","xmlTag":"BPMNDiagram","description":""},"ssextensions":[],"stencilset":{"url":"./app/editor_stencilset","paletteKey":"flowable-process-palette","namespace":"http://b3mn.org/stencilset/bpmn2.0#"}}}