{"id":"PROCESS_MODEL-96899a45-878c-40c3-b631-c4bde0a93ef4","name":"Signal process","key":"SIG_P001","description":"","tenantId":"default","editorJson":{"resourceId":"editor_PROCESS_MODEL-96899a45-878c-40c3-b631-c4bde0a93ef4","stencil":{"id":"BPMNDiagram"},"pathProperties":{},"xmlProperties":["processinstancename","processinstancename_en_us","processinstancename_en_us-run","processinstancename_de_de","processinstancename_de_de-run","processinstancename_fr_fr","processinstancename_fr_fr-run","processinstancename_it_it","processinstancename_it_it-run","processinstancename_es_es","processinstancename_es_es-run","processinstancename-run","processinstancename_i18n-key","process_namespace"],"childShapes":[{"resourceId":"startnoneevent1","stencil":{"id":"StartNoneEvent"},"pathProperties":{},"xmlProperties":["formproperties"],"childShapes":[],"bounds":{"lowerRight":{"x":92.00000381469727,"y":216.99999856948853},"upperLeft":{"x":62.000003814697266,"y":186.99999856948853}},"specialproperties":{"formreference":{"type":"treeview"},"workformreference":{"type":"treeview"}},"outputmappingproperties":{"formproperties":{"type":"formlist","placeholders":[]},"fields":{"type":"complex","placeholders":[]},"executionlistener":{"type":"complex","placeholders":[]}},"properties":{"stencilid":"StartNoneEvent","stencilsuperid":"StartNoneEvent","stencilsuperids":["StartNoneEvent"],"customstencil":false,"formproperties":"","notes":"","interrupting":true,"bgcolor":"#ffffff","bordercolor":"#000000","executionlistener":"","name":"","name-run":"","id":"startnoneevent1","documentation":"","fontsize":"","fontweight":"","fontstyle":"","fontcolor":"#000000","async":false,"exclusive":true,"trigger":"None","initiator":"initiator","formreference":"","samedeployment":true,"formfieldvalidation":false,"formfieldvalidation-run":"","workformreference":"","workformsamedeployment":true,"workformfieldvalidation":false,"workformfieldvalidation-run":"","xmlTag":"StartNoneEvent"},"ssextensions":[],"outgoing":[{"resourceId":"sequenceFlow1"}],"dockers":[],"labels":[{"styles":{"fill":"#000000","size":"12","italic":false,"bold":false},"ref":"text_name"}]},{"resourceId":"sequenceFlow1","stencil":{"id":"SequenceFlow"},"pathProperties":{},"xmlProperties":[],"childShapes":[],"bounds":{"lowerRight":{"x":136,"y":201},"upperLeft":{"x":92,"y":201}},"outputmappingproperties":{"fields":{"type":"complex","placeholders":[]},"executionlistener":{"type":"complex","placeholders":[]}},"properties":{"stencilid":"SequenceFlow","stencilsuperid":"SequenceFlow","stencilsuperids":["SequenceFlow"],"customstencil":false,"bordercolor":"#000000","notes":"","executionlistener":"","name":"","name-run":"","id":"sequenceFlow1","bgcolor":"#ffffff","documentation":"","fontsize":"12","fontweight":"normal","fontstyle":"normal","fontcolor":"#000000","conditionexpression":"","skipexpression":"","showdiamondmarker":false,"defaultflow":false,"xmlTag":"SequenceFlow"},"ssextensions":[],"outgoing":[{"resourceId":"callActivity2"}],"dockers":[{"x":15,"y":15},{"x":50,"y":40}],"labels":[{"styles":{"fill":"#000000","size":"12","italic":false,"bold":false},"ref":"text_name"}],"target":{"resourceId":"callActivity2"}},{"resourceId":"parallelGateway1","stencil":{"id":"ParallelGateway"},"pathProperties":{},"xmlProperties":[],"childShapes":[],"bounds":{"lowerRight":{"x":324.00000762939453,"y":221.99999856948853},"upperLeft":{"x":284.00000762939453,"y":181.99999856948853}},"properties":{"stencilid":"ParallelGateway","stencilsuperid":"ParallelGateway","stencilsuperids":["ParallelGateway"],"customstencil":false,"categories":"","notes":"","sequencefloworder":"","bgcolor":"#ffffff","name":"","name-run":"","id":"parallelGateway1","documentation":"","fontsize":"12","fontweight":"normal","fontstyle":"normal","fontcolor":"#000000","async":false,"exclusive":true,"bordercolor":"#000000","gatewaytype":"AND","xmlTag":"ParallelGateway"},"ssextensions":[],"outgoing":[{"resourceId":"sequenceFlow2"},{"resourceId":"sequenceFlow3"},{"resourceId":"sequenceFlow10"}],"dockers":[],"labels":[{"styles":{"fill":"#000000","size":"12","italic":false,"bold":false},"ref":"text_name"}]},{"resourceId":"formTask1","stencil":{"id":"Task"},"pathProperties":{},"xmlProperties":["loopvariableaggregation","exposetoobjectitems","exposeasmessageitems","formproperties"],"childShapes":[],"bounds":{"lowerRight":{"x":469.00000762939453,"y":125.99999856948853},"upperLeft":{"x":369.00000762939453,"y":45.999998569488525}},"specialproperties":{"form_entry":{"type":"treeview"},"securitypolicy":{"type":"treeview"}},"outputmappingproperties":{"loopvariableaggregation":{"type":"formlist","placeholders":[]},"fields":{"type":"complex","placeholders":[]},"executionlistener":{"type":"complex","placeholders":[]},"exposetoobjectitems":{"type":"complex","placeholders":[]},"exposeasmessageitems":{"type":"complex","placeholders":[]},"formproperties":{"type":"formlist","placeholders":[]},"genericproperty":{"type":"complex","placeholders":[]},"tasklistener":{"type":"complex","placeholders":[]}},"properties":{"stencilid":"FormTask","stencilsuperid":"Task","stencilsuperids":["Task"],"customstencil":false,"categories":"","notes":"","looptype":"None","loopcollection":"","loopelementvariable":"","loopelementindexvariable":"loopCounter","loopcardinality":"","completioncondition":"","loopvariableaggregation":"","isforcompensation":false,"executionlistener":"","exposetoobjectitems":"","async":false,"exclusive":true,"exposeasmessageitems":"","customcaseviewheadersize":"","customcaseviewheadersize-run":"","formproperties":"","bordercolor":"#000000","tasktype":"FormTask","bgcolor":"#ffffff","guid":"","skipexpression":"","owner":"","owner-run":"","assignee":"","assignee-run":"${initiator}","candidateusers":"","candidateusers-run":"","candidategroups":"","candidategroups-run":"","participantusers":"","participantusers-run":"","participantgroups":"","participantgroups-run":"","watcherusers":"","watcherusers-run":"","watchergroups":"","watchergroups-run":"","name":"User task 1","name-run":"User task 1","id":"formTask1","documentation":"","fontsize":"12","fontweight":"normal","fontstyle":"normal","fontcolor":"#000000","genericproperty":"","priority":"","duedate":"","categorydefinition":"","candidatestype":"all","name_en_us":"User task 1","name_en_us-run":"","name_de_de":"","name_de_de-run":"","name_fr_fr":"","name_fr_fr-run":"","name_it_it":"","name_it_it-run":"","name_es_es":"","name_es_es-run":"","name_i18n-key":"","form_entry":"","samedeployment":true,"formfieldvalidation":false,"formfieldvalidation-run":"","taskidvariablename":"","securitypolicy":"","exposetocaseview":"","elementlabel":"","elementlabel_en_us":"","elementlabel_de_de":"","elementlabel_fr_fr":"","elementlabel_it_it":"","elementlabel_es_es":"","elementlabel_i18n-key":"","elementicon":"","elementindex":"","activestaterendering":"fullAccess","completedstaterendering":"hidden","tasklistener":"","customfolderpath":"","xmlTag":"FormTask"},"ssextensions":[],"outgoing":[{"resourceId":"sequenceFlow5"}],"dockers":[],"labels":[{"styles":{"fill":"#000000","size":"12","italic":false,"bold":false},"ref":"text_name"}]},{"resourceId":"sequenceFlow2","stencil":{"id":"SequenceFlow"},"pathProperties":{},"xmlProperties":[],"childShapes":[],"bounds":{"lowerRight":{"x":368,"y":181},"upperLeft":{"x":304,"y":85}},"outputmappingproperties":{"fields":{"type":"complex","placeholders":[]},"executionlistener":{"type":"complex","placeholders":[]}},"properties":{"stencilid":"SequenceFlow","stencilsuperid":"SequenceFlow","stencilsuperids":["SequenceFlow"],"customstencil":false,"bordercolor":"#000000","notes":"","executionlistener":"","name":"","name-run":"","id":"sequenceFlow2","bgcolor":"#ffffff","documentation":"","fontsize":"12","fontweight":"normal","fontstyle":"normal","fontcolor":"#000000","conditionexpression":"","skipexpression":"","showdiamondmarker":false,"defaultflow":false,"xmlTag":"SequenceFlow"},"ssextensions":[],"outgoing":[{"resourceId":"formTask1"}],"dockers":[{"x":20.5,"y":20.5},{"x":304.50000762939453,"y":85.99999856948853},{"x":50,"y":40}],"labels":[{"styles":{"fill":"#000000","size":"12","italic":false,"bold":false},"ref":"text_name"}],"target":{"resourceId":"formTask1"}},{"resourceId":"formTask2","stencil":{"id":"Task"},"pathProperties":{},"xmlProperties":["loopvariableaggregation","exposetoobjectitems","exposeasmessageitems","formproperties"],"childShapes":[],"bounds":{"lowerRight":{"x":789.0000076293945,"y":241.99999856948853},"upperLeft":{"x":689.0000076293945,"y":161.99999856948853}},"specialproperties":{"form_entry":{"type":"treeview"},"securitypolicy":{"type":"treeview"}},"outputmappingproperties":{"loopvariableaggregation":{"type":"formlist","placeholders":[]},"fields":{"type":"complex","placeholders":[]},"executionlistener":{"type":"complex","placeholders":[]},"exposetoobjectitems":{"type":"complex","placeholders":[]},"exposeasmessageitems":{"type":"complex","placeholders":[]},"formproperties":{"type":"formlist","placeholders":[]},"genericproperty":{"type":"complex","placeholders":[]},"tasklistener":{"type":"complex","placeholders":[]}},"properties":{"stencilid":"FormTask","stencilsuperid":"Task","stencilsuperids":["Task"],"customstencil":false,"categories":"","notes":"","looptype":"None","loopcollection":"","loopelementvariable":"","loopelementindexvariable":"loopCounter","loopcardinality":"","completioncondition":"","loopvariableaggregation":"","isforcompensation":false,"executionlistener":"","exposetoobjectitems":"","async":false,"exclusive":true,"exposeasmessageitems":"","customcaseviewheadersize":"","customcaseviewheadersize-run":"","formproperties":"","bordercolor":"#000000","tasktype":"FormTask","bgcolor":"#ffffff","guid":"","skipexpression":"","owner":"","owner-run":"","assignee":"","assignee-run":"${initiator}","candidateusers":"","candidateusers-run":"","candidategroups":"","candidategroups-run":"","participantusers":"","participantusers-run":"","participantgroups":"","participantgroups-run":"","watcherusers":"","watcherusers-run":"","watchergroups":"","watchergroups-run":"","name":"User task 2","name-run":"User task 2","id":"formTask2","documentation":"","fontsize":"12","fontweight":"normal","fontstyle":"normal","fontcolor":"#000000","genericproperty":"","priority":"","duedate":"","categorydefinition":"","candidatestype":"all","name_en_us":"User task 2","name_en_us-run":"","name_de_de":"","name_de_de-run":"","name_fr_fr":"","name_fr_fr-run":"","name_it_it":"","name_it_it-run":"","name_es_es":"","name_es_es-run":"","name_i18n-key":"","form_entry":"","samedeployment":true,"formfieldvalidation":false,"formfieldvalidation-run":"","taskidvariablename":"","securitypolicy":"","exposetocaseview":"","elementlabel":"","elementlabel_en_us":"","elementlabel_de_de":"","elementlabel_fr_fr":"","elementlabel_it_it":"","elementlabel_es_es":"","elementlabel_i18n-key":"","elementicon":"","elementindex":"","activestaterendering":"fullAccess","completedstaterendering":"hidden","tasklistener":"","customfolderpath":"","xmlTag":"FormTask"},"ssextensions":[],"outgoing":[{"resourceId":"sequenceFlow8"}],"dockers":[],"labels":[{"styles":{"fill":"#000000","size":"12","italic":false,"bold":false},"ref":"text_name"}]},{"resourceId":"sequenceFlow3","stencil":{"id":"SequenceFlow"},"pathProperties":{},"xmlProperties":[],"childShapes":[],"bounds":{"lowerRight":{"x":528,"y":202},"upperLeft":{"x":324,"y":202}},"outputmappingproperties":{"fields":{"type":"complex","placeholders":[]},"executionlistener":{"type":"complex","placeholders":[]}},"properties":{"stencilid":"SequenceFlow","stencilsuperid":"SequenceFlow","stencilsuperids":["SequenceFlow"],"customstencil":false,"bordercolor":"#000000","notes":"","executionlistener":"","name":"","name-run":"","id":"sequenceFlow3","bgcolor":"#ffffff","documentation":"","fontsize":"12","fontweight":"normal","fontstyle":"normal","fontcolor":"#000000","conditionexpression":"","skipexpression":"","showdiamondmarker":false,"defaultflow":false,"xmlTag":"SequenceFlow"},"ssextensions":[],"outgoing":[{"resourceId":"intermediateSignalEventCatching1"}],"dockers":[{"x":20.5,"y":20.5},{"x":15,"y":15}],"labels":[{"styles":{"fill":"#000000","size":"12","italic":false,"bold":false},"ref":"text_name"}],"target":{"resourceId":"intermediateSignalEventCatching1"}},{"resourceId":"intermediateSignalEventThrowing1","stencil":{"id":"IntermediateSignalEventThrowing"},"pathProperties":{},"xmlProperties":["signalexpression"],"childShapes":[],"bounds":{"lowerRight":{"x":559.0000076293945,"y":100.99999856948853},"upperLeft":{"x":529.0000076293945,"y":70.99999856948853}},"outputmappingproperties":{"fields":{"type":"complex","placeholders":[]},"executionlistener":{"type":"complex","placeholders":[]}},"properties":{"stencilid":"IntermediateSignalEventThrowing","stencilsuperid":"IntermediateSignalEventThrowing","stencilsuperids":["IntermediateSignalEventThrowing"],"customstencil":false,"bgcolor":"#ffffff","notes":"","bordercolor":"#000000","executionlistener":"","name":"","name-run":"","id":"intermediateSignalEventThrowing1","documentation":"","fontsize":"12","fontweight":"normal","fontstyle":"normal","fontcolor":"#000000","signalname":"","signalexpression":"SIG_task_1_completed","trigger":"Signal","xmlTag":"IntermediateSignalEventThrowing"},"ssextensions":[],"outgoing":[{"resourceId":"sequenceFlow6"}],"dockers":[{"x":544.0000076293945,"y":85.99999856948853}],"labels":[{"styles":{"fill":"#000000","size":"12","italic":false,"bold":false},"ref":"text_name"}]},{"resourceId":"sequenceFlow5","stencil":{"id":"SequenceFlow"},"pathProperties":{},"xmlProperties":[],"childShapes":[],"bounds":{"lowerRight":{"x":528,"y":85},"upperLeft":{"x":469,"y":85}},"outputmappingproperties":{"fields":{"type":"complex","placeholders":[]},"executionlistener":{"type":"complex","placeholders":[]}},"properties":{"stencilid":"SequenceFlow","stencilsuperid":"SequenceFlow","stencilsuperids":["SequenceFlow"],"customstencil":false,"bordercolor":"#000000","notes":"","executionlistener":"","name":"","name-run":"","id":"sequenceFlow5","bgcolor":"#ffffff","documentation":"","fontsize":"12","fontweight":"normal","fontstyle":"normal","fontcolor":"#000000","conditionexpression":"","skipexpression":"","showdiamondmarker":false,"defaultflow":false,"xmlTag":"SequenceFlow"},"ssextensions":[],"outgoing":[{"resourceId":"intermediateSignalEventThrowing1"}],"dockers":[{"x":50,"y":40},{"x":15,"y":15}],"labels":[{"styles":{"fill":"#000000","size":"12","italic":false,"bold":false},"ref":"text_name"}],"target":{"resourceId":"intermediateSignalEventThrowing1"}},{"resourceId":"exclusive_Databased_Gateway1","stencil":{"id":"Exclusive_Databased_Gateway"},"pathProperties":{},"xmlProperties":[],"childShapes":[],"bounds":{"lowerRight":{"x":969.0000076293945,"y":221.99999856948853},"upperLeft":{"x":929.0000076293945,"y":181.99999856948853}},"properties":{"stencilid":"Exclusive_Databased_Gateway","stencilsuperid":"Exclusive_Databased_Gateway","stencilsuperids":["Exclusive_Databased_Gateway"],"customstencil":false,"categories":"","notes":"","sequencefloworder":"","bgcolor":"#ffffff","name":"","name-run":"","id":"exclusive_Databased_Gateway1","documentation":"","fontsize":"12","fontweight":"normal","fontstyle":"normal","fontcolor":"#000000","async":false,"exclusive":true,"bordercolor":"#000000","gatewaytype":"XOR","xmlTag":"Exclusive_Databased_Gateway"},"ssextensions":[],"outgoing":[{"resourceId":"sequenceFlow9"}],"dockers":[],"labels":[{"styles":{"fill":"#000000","size":"12","italic":false,"bold":false},"ref":"text_name"}]},{"resourceId":"sequenceFlow6","stencil":{"id":"SequenceFlow"},"pathProperties":{},"xmlProperties":[],"childShapes":[],"bounds":{"lowerRight":{"x":608,"y":85},"upperLeft":{"x":559,"y":85}},"outputmappingproperties":{"fields":{"type":"complex","placeholders":[]},"executionlistener":{"type":"complex","placeholders":[]}},"properties":{"stencilid":"SequenceFlow","stencilsuperid":"SequenceFlow","stencilsuperids":["SequenceFlow"],"customstencil":false,"bordercolor":"#000000","notes":"","executionlistener":"","name":"","name-run":"","id":"sequenceFlow6","bgcolor":"#ffffff","documentation":"","fontsize":"12","fontweight":"normal","fontstyle":"normal","fontcolor":"#000000","conditionexpression":"","skipexpression":"","showdiamondmarker":false,"defaultflow":false,"xmlTag":"SequenceFlow"},"ssextensions":[],"outgoing":[{"resourceId":"callActivity1"}],"dockers":[{"x":15,"y":15},{"x":50,"y":40}],"labels":[{"styles":{"fill":"#000000","size":"12","italic":false,"bold":false},"ref":"text_name"}],"target":{"resourceId":"callActivity1"}},{"resourceId":"intermediateSignalEventCatching1","stencil":{"id":"IntermediateSignalEventCatching"},"pathProperties":{},"xmlProperties":["signalexpression"],"childShapes":[],"bounds":{"lowerRight":{"x":559.0000076293945,"y":216.99999856948853},"upperLeft":{"x":529.0000076293945,"y":186.99999856948853}},"outputmappingproperties":{"fields":{"type":"complex","placeholders":[]},"executionlistener":{"type":"complex","placeholders":[]}},"properties":{"stencilid":"IntermediateSignalEventCatching","stencilsuperid":"IntermediateSignalEventCatching","stencilsuperids":["IntermediateSignalEventCatching"],"customstencil":false,"bgcolor":"#ffffff","notes":"","bordercolor":"#000000","executionlistener":"","name":"","name-run":"","id":"intermediateSignalEventCatching1","documentation":"","fontsize":"12","fontweight":"normal","fontstyle":"normal","fontcolor":"#000000","signalname":"","signalexpression":"SIG_task_1_completed","trigger":"Signal","xmlTag":"IntermediateSignalEventCatching"},"ssextensions":[],"outgoing":[{"resourceId":"sequenceFlow7"}],"dockers":[{"x":544.0000076293945,"y":201.99999856948853}],"labels":[{"styles":{"fill":"#000000","size":"12","italic":false,"bold":false},"ref":"text_name"}]},{"resourceId":"sequenceFlow7","stencil":{"id":"SequenceFlow"},"pathProperties":{},"xmlProperties":[],"childShapes":[],"bounds":{"lowerRight":{"x":688,"y":201},"upperLeft":{"x":559,"y":201}},"outputmappingproperties":{"fields":{"type":"complex","placeholders":[]},"executionlistener":{"type":"complex","placeholders":[]}},"properties":{"stencilid":"SequenceFlow","stencilsuperid":"SequenceFlow","stencilsuperids":["SequenceFlow"],"customstencil":false,"bordercolor":"#000000","notes":"","executionlistener":"","name":"","name-run":"","id":"sequenceFlow7","bgcolor":"#ffffff","documentation":"","fontsize":"12","fontweight":"normal","fontstyle":"normal","fontcolor":"#000000","conditionexpression":"","skipexpression":"","showdiamondmarker":false,"defaultflow":false,"xmlTag":"SequenceFlow"},"ssextensions":[],"outgoing":[{"resourceId":"formTask2"}],"dockers":[{"x":15,"y":15},{"x":50,"y":40}],"labels":[{"styles":{"fill":"#000000","size":"12","italic":false,"bold":false},"ref":"text_name"}],"target":{"resourceId":"formTask2"}},{"resourceId":"sequenceFlow8","stencil":{"id":"SequenceFlow"},"pathProperties":{},"xmlProperties":[],"childShapes":[],"bounds":{"lowerRight":{"x":929,"y":201},"upperLeft":{"x":789,"y":201}},"outputmappingproperties":{"fields":{"type":"complex","placeholders":[]},"executionlistener":{"type":"complex","placeholders":[]}},"properties":{"stencilid":"SequenceFlow","stencilsuperid":"SequenceFlow","stencilsuperids":["SequenceFlow"],"customstencil":false,"bordercolor":"#000000","notes":"","executionlistener":"","name":"","name-run":"","id":"sequenceFlow8","bgcolor":"#ffffff","documentation":"","fontsize":"12","fontweight":"normal","fontstyle":"normal","fontcolor":"#000000","conditionexpression":"","skipexpression":"","showdiamondmarker":false,"defaultflow":false,"xmlTag":"SequenceFlow"},"ssextensions":[],"outgoing":[{"resourceId":"exclusive_Databased_Gateway1"}],"dockers":[{"x":50,"y":40},{"x":20,"y":20}],"labels":[{"styles":{"fill":"#000000","size":"12","italic":false,"bold":false},"ref":"text_name"}],"target":{"resourceId":"exclusive_Databased_Gateway1"}},{"resourceId":"endNoneEvent1","stencil":{"id":"EndNoneEvent"},"pathProperties":{},"xmlProperties":[],"childShapes":[],"bounds":{"lowerRight":{"x":1042.0000076293945,"y":215.99999856948853},"upperLeft":{"x":1014.0000076293945,"y":187.99999856948853}},"outputmappingproperties":{"fields":{"type":"complex","placeholders":[]},"executionlistener":{"type":"complex","placeholders":[]}},"properties":{"stencilid":"EndNoneEvent","stencilsuperid":"EndNoneEvent","stencilsuperids":["EndNoneEvent"],"customstencil":false,"bgcolor":"#ffffff","notes":"","bordercolor":"#000000","executionlistener":"","name":"","name-run":"","id":"endNoneEvent1","documentation":"","fontsize":"12","fontweight":"normal","fontstyle":"normal","fontcolor":"#000000","trigger":"None","terminateall":false,"xmlTag":"EndNoneEvent"},"ssextensions":[],"outgoing":[],"dockers":[],"labels":[{"styles":{"fill":"#000000","size":"12","italic":false,"bold":false},"ref":"text_name"}]},{"resourceId":"sequenceFlow9","stencil":{"id":"SequenceFlow"},"pathProperties":{},"xmlProperties":[],"childShapes":[],"bounds":{"lowerRight":{"x":1013,"y":202},"upperLeft":{"x":968,"y":202}},"outputmappingproperties":{"fields":{"type":"complex","placeholders":[]},"executionlistener":{"type":"complex","placeholders":[]}},"properties":{"stencilid":"SequenceFlow","stencilsuperid":"SequenceFlow","stencilsuperids":["SequenceFlow"],"customstencil":false,"bordercolor":"#000000","notes":"","executionlistener":"","name":"","name-run":"","id":"sequenceFlow9","bgcolor":"#ffffff","documentation":"","fontsize":"12","fontweight":"normal","fontstyle":"normal","fontcolor":"#000000","conditionexpression":"","skipexpression":"","showdiamondmarker":false,"defaultflow":false,"xmlTag":"SequenceFlow"},"ssextensions":[],"outgoing":[{"resourceId":"endNoneEvent1"}],"dockers":[{"x":20.5,"y":20.5},{"x":14,"y":14}],"labels":[{"styles":{"fill":"#000000","size":"12","italic":false,"bold":false},"ref":"text_name"}],"target":{"resourceId":"endNoneEvent1"}},{"resourceId":"expandedSubProcess1","stencil":{"id":"ExpandedSubProcess"},"pathProperties":{},"xmlProperties":["loopvariableaggregation"],"childShapes":[{"resourceId":"startNoneEvent2","stencil":{"id":"StartNoneEvent"},"pathProperties":{},"xmlProperties":["formproperties"],"childShapes":[],"bounds":{"lowerRight":{"x":65,"y":97.5},"upperLeft":{"x":35,"y":67.5}},"specialproperties":{"formreference":{"type":"treeview"},"workformreference":{"type":"treeview"}},"outputmappingproperties":{"formproperties":{"type":"formlist","placeholders":[]},"fields":{"type":"complex","placeholders":[]},"executionlistener":{"type":"complex","placeholders":[]}},"properties":{"stencilid":"StartNoneEvent","stencilsuperid":"StartNoneEvent","stencilsuperids":["StartNoneEvent"],"customstencil":false,"formproperties":"","notes":"","interrupting":true,"bgcolor":"#ffffff","bordercolor":"#000000","executionlistener":"","name":"","name-run":"","id":"startNoneEvent2","documentation":"","fontsize":"12","fontweight":"normal","fontstyle":"normal","fontcolor":"#000000","async":false,"exclusive":true,"trigger":"None","initiator":"initiator","formreference":"","samedeployment":true,"formfieldvalidation":false,"formfieldvalidation-run":"","workformreference":"","workformsamedeployment":true,"workformfieldvalidation":false,"workformfieldvalidation-run":"","xmlTag":"StartNoneEvent"},"ssextensions":[],"outgoing":[{"resourceId":"sequenceFlow11"}],"dockers":[],"labels":[{"styles":{"fill":"#000000","size":"12","italic":false,"bold":false},"ref":"text_name"}]},{"resourceId":"formTask3","stencil":{"id":"Task"},"pathProperties":{},"xmlProperties":["loopvariableaggregation","exposetoobjectitems","exposeasmessageitems","formproperties"],"childShapes":[],"bounds":{"lowerRight":{"x":210,"y":122.5},"upperLeft":{"x":110,"y":42.5}},"specialproperties":{"form_entry":{"type":"treeview"},"securitypolicy":{"type":"treeview"}},"outputmappingproperties":{"loopvariableaggregation":{"type":"formlist","placeholders":[]},"fields":{"type":"complex","placeholders":[]},"executionlistener":{"type":"complex","placeholders":[]},"exposetoobjectitems":{"type":"complex","placeholders":[]},"exposeasmessageitems":{"type":"complex","placeholders":[]},"formproperties":{"type":"formlist","placeholders":[]},"genericproperty":{"type":"complex","placeholders":[]},"tasklistener":{"type":"complex","placeholders":[]}},"properties":{"stencilid":"FormTask","stencilsuperid":"Task","stencilsuperids":["Task"],"customstencil":false,"categories":"","notes":"","looptype":"None","loopcollection":"","loopelementvariable":"","loopelementindexvariable":"loopCounter","loopcardinality":"","completioncondition":"","loopvariableaggregation":"","isforcompensation":false,"executionlistener":"","exposetoobjectitems":"","async":false,"exclusive":true,"exposeasmessageitems":"","customcaseviewheadersize":"","customcaseviewheadersize-run":"","formproperties":"","bordercolor":"#000000","tasktype":"FormTask","bgcolor":"#ffffff","guid":"","skipexpression":"","owner":"","owner-run":"","assignee":"","assignee-run":"${initiator}","candidateusers":"","candidateusers-run":"","candidategroups":"","candidategroups-run":"","participantusers":"","participantusers-run":"","participantgroups":"","participantgroups-run":"","watcherusers":"","watcherusers-run":"","watchergroups":"","watchergroups-run":"","name":"User task 3","name-run":"User task 3","id":"formTask3","documentation":"","fontsize":"12","fontweight":"normal","fontstyle":"normal","fontcolor":"#000000","genericproperty":"","priority":"","duedate":"","categorydefinition":"","candidatestype":"all","name_en_us":"User task 3","name_en_us-run":"","name_de_de":"","name_de_de-run":"","name_fr_fr":"","name_fr_fr-run":"","name_it_it":"","name_it_it-run":"","name_es_es":"","name_es_es-run":"","name_i18n-key":"","form_entry":"","samedeployment":true,"formfieldvalidation":false,"formfieldvalidation-run":"","taskidvariablename":"","securitypolicy":"","exposetocaseview":"","elementlabel":"","elementlabel_en_us":"","elementlabel_de_de":"","elementlabel_fr_fr":"","elementlabel_it_it":"","elementlabel_es_es":"","elementlabel_i18n-key":"","elementicon":"","elementindex":"","activestaterendering":"fullAccess","completedstaterendering":"hidden","tasklistener":"","customfolderpath":"","xmlTag":"FormTask"},"ssextensions":[],"outgoing":[{"resourceId":"sequenceFlow12"}],"dockers":[],"labels":[{"styles":{"fill":"#000000","size":"12","italic":false,"bold":false},"ref":"text_name"}]},{"resourceId":"endNoneEvent2","stencil":{"id":"EndNoneEvent"},"pathProperties":{},"xmlProperties":[],"childShapes":[],"bounds":{"lowerRight":{"x":523,"y":96.5},"upperLeft":{"x":495,"y":68.5}},"outputmappingproperties":{"fields":{"type":"complex","placeholders":[]},"executionlistener":{"type":"complex","placeholders":[]}},"properties":{"stencilid":"EndNoneEvent","stencilsuperid":"EndNoneEvent","stencilsuperids":["EndNoneEvent"],"customstencil":false,"bgcolor":"#ffffff","notes":"","bordercolor":"#000000","executionlistener":"","name":"","name-run":"","id":"endNoneEvent2","documentation":"","fontsize":"12","fontweight":"normal","fontstyle":"normal","fontcolor":"#000000","trigger":"None","terminateall":false,"xmlTag":"EndNoneEvent"},"ssextensions":[],"outgoing":[],"dockers":[],"labels":[{"styles":{"fill":"#000000","size":"12","italic":false,"bold":false},"ref":"text_name"}]},{"resourceId":"formTask4","stencil":{"id":"Task"},"pathProperties":{},"xmlProperties":["loopvariableaggregation","exposetoobjectitems","exposeasmessageitems","formproperties"],"childShapes":[],"bounds":{"lowerRight":{"x":445,"y":122},"upperLeft":{"x":345,"y":42}},"specialproperties":{"form_entry":{"type":"treeview"},"securitypolicy":{"type":"treeview"}},"outputmappingproperties":{"loopvariableaggregation":{"type":"formlist","placeholders":[]},"fields":{"type":"complex","placeholders":[]},"executionlistener":{"type":"complex","placeholders":[]},"exposetoobjectitems":{"type":"complex","placeholders":[]},"exposeasmessageitems":{"type":"complex","placeholders":[]},"formproperties":{"type":"formlist","placeholders":[]},"genericproperty":{"type":"complex","placeholders":[]},"tasklistener":{"type":"complex","placeholders":[]}},"properties":{"stencilid":"FormTask","stencilsuperid":"Task","stencilsuperids":["Task"],"customstencil":false,"categories":"","notes":"","looptype":"None","loopcollection":"","loopelementvariable":"","loopelementindexvariable":"loopCounter","loopcardinality":"","completioncondition":"","loopvariableaggregation":"","isforcompensation":false,"executionlistener":"","exposetoobjectitems":"","async":false,"exclusive":true,"exposeasmessageitems":"","customcaseviewheadersize":"","customcaseviewheadersize-run":"","formproperties":"","bordercolor":"#000000","tasktype":"FormTask","bgcolor":"#ffffff","guid":"","skipexpression":"","owner":"","owner-run":"","assignee":"","assignee-run":"${initiator}","candidateusers":"","candidateusers-run":"","candidategroups":"","candidategroups-run":"","participantusers":"","participantusers-run":"","participantgroups":"","participantgroups-run":"","watcherusers":"","watcherusers-run":"","watchergroups":"","watchergroups-run":"","name":"User task 4","name-run":"User task 4","id":"formTask4","documentation":"","fontsize":"12","fontweight":"normal","fontstyle":"normal","fontcolor":"#000000","genericproperty":"","priority":"","duedate":"","categorydefinition":"","candidatestype":"all","name_en_us":"User task 4","name_en_us-run":"","name_de_de":"","name_de_de-run":"","name_fr_fr":"","name_fr_fr-run":"","name_it_it":"","name_it_it-run":"","name_es_es":"","name_es_es-run":"","name_i18n-key":"","form_entry":"","samedeployment":true,"formfieldvalidation":false,"formfieldvalidation-run":"","taskidvariablename":"","securitypolicy":"","exposetocaseview":"","elementlabel":"","elementlabel_en_us":"","elementlabel_de_de":"","elementlabel_fr_fr":"","elementlabel_it_it":"","elementlabel_es_es":"","elementlabel_i18n-key":"","elementicon":"","elementindex":"","activestaterendering":"fullAccess","completedstaterendering":"hidden","tasklistener":"","customfolderpath":"","xmlTag":"FormTask"},"ssextensions":[],"outgoing":[{"resourceId":"sequenceFlow14"}],"dockers":[],"labels":[{"styles":{"fill":"#000000","size":"12","italic":false,"bold":false},"ref":"text_name"}]},{"resourceId":"intermediateSignalEventThrowing2","stencil":{"id":"IntermediateSignalEventThrowing"},"pathProperties":{},"xmlProperties":["signalexpression"],"childShapes":[],"bounds":{"lowerRight":{"x":291.01043701171875,"y":97},"upperLeft":{"x":261.01043701171875,"y":67}},"outputmappingproperties":{"fields":{"type":"complex","placeholders":[]},"executionlistener":{"type":"complex","placeholders":[]}},"properties":{"stencilid":"IntermediateSignalEventThrowing","stencilsuperid":"IntermediateSignalEventThrowing","stencilsuperids":["IntermediateSignalEventThrowing"],"customstencil":false,"bgcolor":"#ffffff","notes":"","bordercolor":"#000000","executionlistener":"","name":"","name-run":"","id":"intermediateSignalEventThrowing2","documentation":"","fontsize":"12","fontweight":"normal","fontstyle":"normal","fontcolor":"#000000","signalname":"","signalexpression":"SIG_task_3_completed","trigger":"Signal","xmlTag":"IntermediateSignalEventThrowing"},"ssextensions":[],"outgoing":[{"resourceId":"sequenceFlow13"}],"dockers":[{"x":276.01043701171875,"y":82}],"labels":[{"styles":{"fill":"#000000","size":"12","italic":false,"bold":false},"ref":"text_name"}]}],"bounds":{"lowerRight":{"x":894.0000038146973,"y":453.9999985694885},"upperLeft":{"x":344.00000762939453,"y":281.9999985694885}},"outputmappingproperties":{"dataproperties":{"type":"complex","placeholders":[]},"loopvariableaggregation":{"type":"formlist","placeholders":[]},"fields":{"type":"complex","placeholders":[]},"executionlistener":{"type":"complex","placeholders":[]}},"properties":{"stencilid":"ExpandedSubProcess","stencilsuperid":"ExpandedSubProcess","stencilsuperids":["ExpandedSubProcess"],"customstencil":false,"dataproperties":"","notes":"","categories":"","looptype":"None","loopcollection":"","loopelementvariable":"","loopelementindexvariable":"loopCounter","loopcardinality":"","completioncondition":"","loopvariableaggregation":"","isforcompensation":false,"executionlistener":"","async":false,"exclusive":true,"name":"Subprocess","name-run":"Subprocess","id":"expandedSubProcess1","bgcolor":"#ffffff","documentation":"","fontsize":"12","fontweight":"normal","fontstyle":"normal","fontcolor":"#000000","subprocesstype":"Embedded","istransaction":false,"transactionmethod":"compensate","activitytype":"Sub-Process","xmlTag":"ExpandedSubProcess"},"ssextensions":[],"outgoing":[{"resourceId":"intermediateSignalEventBoundary1"},{"resourceId":"sequenceFlow17"}],"dockers":[],"labels":[{"styles":{"fill":"#000000","size":"12","italic":false,"bold":false},"ref":"text_name"},{"styles":{"fill":"#000000","size":"12","italic":false,"bold":false},"ref":"_oryx_F018EBE9-B13E-4DC9-BC91-783EC8BC1BB6_21"}]},{"resourceId":"sequenceFlow10","stencil":{"id":"SequenceFlow"},"pathProperties":{},"xmlProperties":[],"childShapes":[],"bounds":{"lowerRight":{"x":343,"y":364.4999985694885},"upperLeft":{"x":304,"y":222}},"outputmappingproperties":{"fields":{"type":"complex","placeholders":[]},"executionlistener":{"type":"complex","placeholders":[]}},"properties":{"stencilid":"SequenceFlow","stencilsuperid":"SequenceFlow","stencilsuperids":["SequenceFlow"],"customstencil":false,"bordercolor":"#000000","notes":"","executionlistener":"","name":"","name-run":"","id":"sequenceFlow10","bgcolor":"#ffffff","documentation":"","fontsize":"12","fontweight":"normal","fontstyle":"normal","fontcolor":"#000000","conditionexpression":"","skipexpression":"","showdiamondmarker":false,"defaultflow":false,"xmlTag":"SequenceFlow"},"ssextensions":[],"outgoing":[{"resourceId":"expandedSubProcess1"}],"dockers":[{"x":20.5,"y":20.5},{"x":304.50000762939453,"y":364.4999985694885},{"x":274.99999809265114,"y":86}],"labels":[{"styles":{"fill":"#000000","size":"12","italic":false,"bold":false},"ref":"text_name"}],"target":{"resourceId":"expandedSubProcess1"}},{"resourceId":"sequenceFlow11","stencil":{"id":"SequenceFlow"},"pathProperties":{},"xmlProperties":[],"childShapes":[],"bounds":{"lowerRight":{"x":453,"y":364},"upperLeft":{"x":409,"y":364}},"outputmappingproperties":{"fields":{"type":"complex","placeholders":[]},"executionlistener":{"type":"complex","placeholders":[]}},"properties":{"stencilid":"SequenceFlow","stencilsuperid":"SequenceFlow","stencilsuperids":["SequenceFlow"],"customstencil":false,"bordercolor":"#000000","notes":"","executionlistener":"","name":"","name-run":"","id":"sequenceFlow11","bgcolor":"#ffffff","documentation":"","fontsize":"12","fontweight":"normal","fontstyle":"normal","fontcolor":"#000000","conditionexpression":"","skipexpression":"","showdiamondmarker":false,"defaultflow":false,"xmlTag":"SequenceFlow"},"ssextensions":[],"outgoing":[{"resourceId":"formTask3"}],"dockers":[{"x":15,"y":15},{"x":50,"y":40}],"labels":[{"styles":{"fill":"#000000","size":"12","italic":false,"bold":false},"ref":"text_name"}],"target":{"resourceId":"formTask3"}},{"resourceId":"sequenceFlow12","stencil":{"id":"SequenceFlow"},"pathProperties":{},"xmlProperties":[],"childShapes":[],"bounds":{"lowerRight":{"x":604,"y":364},"upperLeft":{"x":554,"y":364}},"outputmappingproperties":{"fields":{"type":"complex","placeholders":[]},"executionlistener":{"type":"complex","placeholders":[]}},"properties":{"stencilid":"SequenceFlow","stencilsuperid":"SequenceFlow","stencilsuperids":["SequenceFlow"],"customstencil":false,"bordercolor":"#000000","notes":"","executionlistener":"","name":"","name-run":"","id":"sequenceFlow12","bgcolor":"#ffffff","documentation":"","fontsize":"12","fontweight":"normal","fontstyle":"normal","fontcolor":"#000000","conditionexpression":"","skipexpression":"","showdiamondmarker":false,"defaultflow":false,"xmlTag":"SequenceFlow"},"ssextensions":[],"outgoing":[{"resourceId":"intermediateSignalEventThrowing2"}],"dockers":[{"x":50,"y":40},{"x":15,"y":15}],"labels":[{"styles":{"fill":"#000000","size":"12","italic":false,"bold":false},"ref":"text_name"}],"target":{"resourceId":"intermediateSignalEventThrowing2"}},{"resourceId":"sequenceFlow13","stencil":{"id":"SequenceFlow"},"pathProperties":{},"xmlProperties":[],"childShapes":[],"bounds":{"lowerRight":{"x":688,"y":363},"upperLeft":{"x":635,"y":363}},"outputmappingproperties":{"fields":{"type":"complex","placeholders":[]},"executionlistener":{"type":"complex","placeholders":[]}},"properties":{"stencilid":"SequenceFlow","stencilsuperid":"SequenceFlow","stencilsuperids":["SequenceFlow"],"customstencil":false,"bordercolor":"#000000","notes":"","executionlistener":"","name":"","name-run":"","id":"sequenceFlow13","bgcolor":"#ffffff","documentation":"","fontsize":"12","fontweight":"normal","fontstyle":"normal","fontcolor":"#000000","conditionexpression":"","skipexpression":"","showdiamondmarker":false,"defaultflow":false,"xmlTag":"SequenceFlow"},"ssextensions":[],"outgoing":[{"resourceId":"formTask4"}],"dockers":[{"x":15,"y":15},{"x":50,"y":40}],"labels":[{"styles":{"fill":"#000000","size":"12","italic":false,"bold":false},"ref":"text_name"}],"target":{"resourceId":"formTask4"}},{"resourceId":"sequenceFlow14","stencil":{"id":"SequenceFlow"},"pathProperties":{},"xmlProperties":[],"childShapes":[],"bounds":{"lowerRight":{"x":838,"y":364},"upperLeft":{"x":789,"y":364}},"outputmappingproperties":{"fields":{"type":"complex","placeholders":[]},"executionlistener":{"type":"complex","placeholders":[]}},"properties":{"stencilid":"SequenceFlow","stencilsuperid":"SequenceFlow","stencilsuperids":["SequenceFlow"],"customstencil":false,"bordercolor":"#000000","notes":"","executionlistener":"","name":"","name-run":"","id":"sequenceFlow14","bgcolor":"#ffffff","documentation":"","fontsize":"12","fontweight":"normal","fontstyle":"normal","fontcolor":"#000000","conditionexpression":"","skipexpression":"","showdiamondmarker":false,"defaultflow":false,"xmlTag":"SequenceFlow"},"ssextensions":[],"outgoing":[{"resourceId":"endNoneEvent2"}],"dockers":[{"x":50,"y":40},{"x":14,"y":14}],"labels":[{"styles":{"fill":"#000000","size":"12","italic":false,"bold":false},"ref":"text_name"}],"target":{"resourceId":"endNoneEvent2"}},{"resourceId":"formTask5","stencil":{"id":"Task"},"pathProperties":{},"xmlProperties":["loopvariableaggregation","exposetoobjectitems","exposeasmessageitems","formproperties"],"childShapes":[],"bounds":{"lowerRight":{"x":670.0000076293945,"y":586.9999985694885},"upperLeft":{"x":570.0000076293945,"y":506.9999985694885}},"specialproperties":{"form_entry":{"type":"treeview"},"securitypolicy":{"type":"treeview"}},"outputmappingproperties":{"loopvariableaggregation":{"type":"formlist","placeholders":[]},"fields":{"type":"complex","placeholders":[]},"executionlistener":{"type":"complex","placeholders":[]},"exposetoobjectitems":{"type":"complex","placeholders":[]},"exposeasmessageitems":{"type":"complex","placeholders":[]},"formproperties":{"type":"formlist","placeholders":[]},"genericproperty":{"type":"complex","placeholders":[]},"tasklistener":{"type":"complex","placeholders":[]}},"properties":{"stencilid":"FormTask","stencilsuperid":"Task","stencilsuperids":["Task"],"customstencil":false,"categories":"","notes":"","looptype":"None","loopcollection":"","loopelementvariable":"","loopelementindexvariable":"loopCounter","loopcardinality":"","completioncondition":"","loopvariableaggregation":"","isforcompensation":false,"executionlistener":"","exposetoobjectitems":"","async":false,"exclusive":true,"exposeasmessageitems":"","customcaseviewheadersize":"","customcaseviewheadersize-run":"","formproperties":"","bordercolor":"#000000","tasktype":"FormTask","bgcolor":"#ffffff","guid":"","skipexpression":"","owner":"","owner-run":"","assignee":"","assignee-run":"${initiator}","candidateusers":"","candidateusers-run":"","candidategroups":"","candidategroups-run":"","participantusers":"","participantusers-run":"","participantgroups":"","participantgroups-run":"","watcherusers":"","watcherusers-run":"","watchergroups":"","watchergroups-run":"","name":"User task 5","name-run":"User task 5","id":"formTask5","documentation":"","fontsize":"12","fontweight":"normal","fontstyle":"normal","fontcolor":"#000000","genericproperty":"","priority":"","duedate":"","categorydefinition":"","candidatestype":"all","name_en_us":"User task 5","name_en_us-run":"","name_de_de":"","name_de_de-run":"","name_fr_fr":"","name_fr_fr-run":"","name_it_it":"","name_it_it-run":"","name_es_es":"","name_es_es-run":"","name_i18n-key":"","form_entry":"","samedeployment":true,"formfieldvalidation":false,"formfieldvalidation-run":"","taskidvariablename":"","securitypolicy":"","exposetocaseview":"","elementlabel":"","elementlabel_en_us":"","elementlabel_de_de":"","elementlabel_fr_fr":"","elementlabel_it_it":"","elementlabel_es_es":"","elementlabel_i18n-key":"","elementicon":"","elementindex":"","activestaterendering":"fullAccess","completedstaterendering":"hidden","tasklistener":"","customfolderpath":"","xmlTag":"FormTask"},"ssextensions":[],"outgoing":[{"resourceId":"sequenceFlow16"}],"dockers":[],"labels":[{"styles":{"fill":"#000000","size":"12","italic":false,"bold":false},"ref":"text_name"}]},{"resourceId":"sequenceFlow15","stencil":{"id":"SequenceFlow"},"pathProperties":{},"xmlProperties":[],"childShapes":[],"bounds":{"lowerRight":{"x":618,"y":506},"upperLeft":{"x":617,"y":469}},"outputmappingproperties":{"fields":{"type":"complex","placeholders":[]},"executionlistener":{"type":"complex","placeholders":[]}},"properties":{"stencilid":"SequenceFlow","stencilsuperid":"SequenceFlow","stencilsuperids":["SequenceFlow"],"customstencil":false,"bordercolor":"#000000","notes":"","executionlistener":"","name":"","name-run":"","id":"sequenceFlow15","bgcolor":"#ffffff","documentation":"","fontsize":"12","fontweight":"normal","fontstyle":"normal","fontcolor":"#000000","conditionexpression":"","skipexpression":"","showdiamondmarker":false,"defaultflow":false,"xmlTag":"SequenceFlow"},"ssextensions":[],"outgoing":[{"resourceId":"formTask5"}],"dockers":[{"x":15.00000000000001,"y":15},{"x":50,"y":40}],"labels":[{"styles":{"fill":"#000000","size":"12","italic":false,"bold":false},"ref":"text_name"}],"target":{"resourceId":"formTask5"}},{"resourceId":"endNoneEvent3","stencil":{"id":"EndNoneEvent"},"pathProperties":{},"xmlProperties":[],"childShapes":[],"bounds":{"lowerRight":{"x":753.0000076293945,"y":560.9999985694885},"upperLeft":{"x":725.0000076293945,"y":532.9999985694885}},"outputmappingproperties":{"fields":{"type":"complex","placeholders":[]},"executionlistener":{"type":"complex","placeholders":[]}},"properties":{"stencilid":"EndNoneEvent","stencilsuperid":"EndNoneEvent","stencilsuperids":["EndNoneEvent"],"customstencil":false,"bgcolor":"#ffffff","notes":"","bordercolor":"#000000","executionlistener":"","name":"","name-run":"","id":"endNoneEvent3","documentation":"","fontsize":"12","fontweight":"normal","fontstyle":"normal","fontcolor":"#000000","trigger":"None","terminateall":false,"xmlTag":"EndNoneEvent"},"ssextensions":[],"outgoing":[],"dockers":[],"labels":[{"styles":{"fill":"#000000","size":"12","italic":false,"bold":false},"ref":"text_name"}]},{"resourceId":"sequenceFlow16","stencil":{"id":"SequenceFlow"},"pathProperties":{},"xmlProperties":[],"childShapes":[],"bounds":{"lowerRight":{"x":724,"y":546},"upperLeft":{"x":670,"y":546}},"outputmappingproperties":{"fields":{"type":"complex","placeholders":[]},"executionlistener":{"type":"complex","placeholders":[]}},"properties":{"stencilid":"SequenceFlow","stencilsuperid":"SequenceFlow","stencilsuperids":["SequenceFlow"],"customstencil":false,"bordercolor":"#000000","notes":"","executionlistener":"","name":"","name-run":"","id":"sequenceFlow16","bgcolor":"#ffffff","documentation":"","fontsize":"12","fontweight":"normal","fontstyle":"normal","fontcolor":"#000000","conditionexpression":"","skipexpression":"","showdiamondmarker":false,"defaultflow":false,"xmlTag":"SequenceFlow"},"ssextensions":[],"outgoing":[{"resourceId":"endNoneEvent3"}],"dockers":[{"x":50,"y":40},{"x":14,"y":14}],"labels":[{"styles":{"fill":"#000000","size":"12","italic":false,"bold":false},"ref":"text_name"}],"target":{"resourceId":"endNoneEvent3"}},{"resourceId":"sequenceFlow17","stencil":{"id":"SequenceFlow"},"pathProperties":{},"xmlProperties":[],"childShapes":[],"bounds":{"lowerRight":{"x":949.0000076293945,"y":361},"upperLeft":{"x":894,"y":221}},"outputmappingproperties":{"fields":{"type":"complex","placeholders":[]},"executionlistener":{"type":"complex","placeholders":[]}},"properties":{"stencilid":"SequenceFlow","stencilsuperid":"SequenceFlow","stencilsuperids":["SequenceFlow"],"customstencil":false,"bordercolor":"#000000","notes":"","executionlistener":"","name":"","name-run":"","id":"sequenceFlow17","bgcolor":"#ffffff","documentation":"","fontsize":"12","fontweight":"normal","fontstyle":"normal","fontcolor":"#000000","conditionexpression":"","skipexpression":"","showdiamondmarker":false,"defaultflow":false,"xmlTag":"SequenceFlow"},"ssextensions":[],"outgoing":[{"resourceId":"exclusive_Databased_Gateway1"}],"dockers":[{"x":274.99999809265114,"y":86},{"x":949.0000076293945,"y":360.4999985694885},{"x":20,"y":20}],"labels":[{"styles":{"fill":"#000000","size":"12","italic":false,"bold":false},"ref":"text_name"}],"target":{"resourceId":"exclusive_Databased_Gateway1"}},{"resourceId":"callActivity1","stencil":{"id":"CallActivity"},"pathProperties":{},"xmlProperties":["loopvariableaggregation"],"childShapes":[],"bounds":{"lowerRight":{"x":709.0000038146973,"y":125.99999856948853},"upperLeft":{"x":609.0000038146973,"y":45.999998569488525}},"specialproperties":{"entry":{"type":"treeview"}},"outputmappingproperties":{"dataproperties":{"type":"complex","placeholders":[]},"loopvariableaggregation":{"type":"formlist","placeholders":[]},"fields":{"type":"complex","placeholders":[]},"executionlistener":{"type":"complex","placeholders":[]},"in":{"type":"complex","placeholders":[]},"out":{"type":"complex","placeholders":[]},"exceptionmappings":{"type":"complex","placeholders":[]}},"properties":{"stencilid":"CallActivity","stencilsuperid":"CallActivity","stencilsuperids":["CallActivity"],"customstencil":false,"dataproperties":"","notes":"","categories":"","looptype":"None","loopcollection":"","loopelementvariable":"","loopelementindexvariable":"loopCounter","loopcardinality":"","completioncondition":"","loopvariableaggregation":"","isforcompensation":false,"bgcolor":"#ffffff","bordercolor":"#000000","executionlistener":"","async":false,"exclusive":true,"name":"Write to audit trail P001-L002","name-run":"Write to audit trail P001-L002","id":"callActivity1","documentation":"","fontsize":"12","fontweight":"normal","fontstyle":"normal","fontcolor":"#000000","in":{"totalCount":3,"items":[{"source":"","sourceExpression":"P001-L002","target":"logCode"},{"source":"","sourceExpression":"User task 1 was finished","target":"message"},{"source":"","sourceExpression":"user","target":"type"}]},"out":"","subprocesstype":"Embedded","istransaction":false,"transactionmethod":"compensate","activitytype":"Sub-Process","samedeployment":true,"entry":{"id":"PROCESS_MODEL-aeb2a540-cd14-4964-aada-79ab45240bcc","key":"SIG_P002"},"entry-run":"","process-instance-name":"","callactivityinheritvariables":false,"callactivitybusinesskey":"","callactivityinheritbusinesskey":false,"callactivityuselocalscopeforoutparameters":false,"callactivitycompleteasync":false,"fallback-to-default-tenant":true,"callactivityidvariablename":"","exceptionmappings":"","xmlTag":"CallActivity"},"ssextensions":[],"outgoing":[{"resourceId":"sequenceFlow19"}],"dockers":[],"labels":[{"styles":{"fill":"#000000","size":"12","italic":false,"bold":false},"ref":"text_name"},{"styles":{"fill":"#000000","size":"12","italic":false,"bold":false},"ref":"_oryx_B7BFD630-D270-4116-8495-E3AE2A5BD2A8_23"}]},{"resourceId":"sequenceFlow19","stencil":{"id":"SequenceFlow"},"pathProperties":{},"xmlProperties":[],"childShapes":[],"bounds":{"lowerRight":{"x":949.5000076293945,"y":181},"upperLeft":{"x":709,"y":85}},"outputmappingproperties":{"fields":{"type":"complex","placeholders":[]},"executionlistener":{"type":"complex","placeholders":[]}},"properties":{"stencilid":"SequenceFlow","stencilsuperid":"SequenceFlow","stencilsuperids":["SequenceFlow"],"customstencil":false,"bordercolor":"#000000","notes":"","executionlistener":"","name":"","name-run":"","id":"sequenceFlow19","bgcolor":"#ffffff","documentation":"","fontsize":"12","fontweight":"normal","fontstyle":"normal","fontcolor":"#000000","conditionexpression":"","skipexpression":"","showdiamondmarker":false,"defaultflow":false,"xmlTag":"SequenceFlow"},"ssextensions":[],"outgoing":[{"resourceId":"exclusive_Databased_Gateway1"}],"dockers":[{"x":50,"y":40},{"x":949.5000076293945,"y":85.99999856948853},{"x":20,"y":20}],"labels":[{"styles":{"fill":"#000000","size":"12","italic":false,"bold":false},"ref":"text_name"}],"target":{"resourceId":"exclusive_Databased_Gateway1"}},{"resourceId":"intermediateSignalEventBoundary1","stencil":{"id":"IntermediateSignalEventBoundary"},"pathProperties":{},"xmlProperties":["signalexpression"],"childShapes":[],"bounds":{"lowerRight":{"x":632.5135192458695,"y":468.9999985694885},"upperLeft":{"x":602.5135192458695,"y":438.9999985694885}},"outputmappingproperties":{"fields":{"type":"complex","placeholders":[]},"executionlistener":{"type":"complex","placeholders":[]}},"properties":{"stencilid":"IntermediateSignalEventBoundary","stencilsuperid":"IntermediateSignalEventBoundary","stencilsuperids":["IntermediateSignalEventBoundary"],"customstencil":false,"bgcolor":"#ffffff","notes":"","bordercolor":"#000000","boundarycancelactivity2":true,"executionlistener":"","name":"","name-run":"","id":"intermediateSignalEventBoundary1","documentation":"","fontsize":"12","fontweight":"normal","fontstyle":"normal","fontcolor":"#000000","signalname":"","signalexpression":"SIG_task_3_completed","trigger":"Signal","xmlTag":"IntermediateSignalEventBoundary"},"ssextensions":[],"outgoing":[{"resourceId":"sequenceFlow15"}],"dockers":[{"x":273.5135116164749,"y":155.56687898089172}],"labels":[{"styles":{"fill":"#000000","size":"12","italic":false,"bold":false},"ref":"text_name"}]},{"resourceId":"callActivity2","stencil":{"id":"CallActivity"},"pathProperties":{},"xmlProperties":["loopvariableaggregation"],"childShapes":[],"bounds":{"lowerRight":{"x":237.01040649414062,"y":242},"upperLeft":{"x":137.01040649414062,"y":162}},"specialproperties":{"entry":{"type":"treeview"}},"outputmappingproperties":{"dataproperties":{"type":"complex","placeholders":[]},"loopvariableaggregation":{"type":"formlist","placeholders":[]},"fields":{"type":"complex","placeholders":[]},"executionlistener":{"type":"complex","placeholders":[]},"in":{"type":"complex","placeholders":[]},"out":{"type":"complex","placeholders":[]},"exceptionmappings":{"type":"complex","placeholders":[]}},"properties":{"stencilid":"CallActivity","stencilsuperid":"CallActivity","stencilsuperids":["CallActivity"],"customstencil":false,"dataproperties":"","notes":"","categories":"","looptype":"None","loopcollection":"","loopelementvariable":"","loopelementindexvariable":"loopCounter","loopcardinality":"","completioncondition":"","loopvariableaggregation":"","isforcompensation":false,"bgcolor":"#ffffff","bordercolor":"#000000","executionlistener":"","async":false,"exclusive":true,"name":"Write to audit trail P001-L001","name-run":"Write to audit trail P001-L001","id":"callActivity2","documentation":"","fontsize":"12","fontweight":"normal","fontstyle":"normal","fontcolor":"#000000","in":{"totalCount":3,"items":[{"source":"","sourceExpression":"P001-L001","target":"logCode"},{"source":"","sourceExpression":"Case was started","target":"message"},{"source":"","sourceExpression":"system","target":"type"}]},"out":"","subprocesstype":"Embedded","istransaction":false,"transactionmethod":"compensate","activitytype":"Sub-Process","samedeployment":true,"entry":{"id":"PROCESS_MODEL-aeb2a540-cd14-4964-aada-79ab45240bcc","key":"SIG_P002"},"entry-run":"","process-instance-name":"","callactivityinheritvariables":false,"callactivitybusinesskey":"","callactivityinheritbusinesskey":false,"callactivityuselocalscopeforoutparameters":false,"callactivitycompleteasync":false,"fallback-to-default-tenant":true,"callactivityidvariablename":"","exceptionmappings":"","xmlTag":"CallActivity"},"ssextensions":[],"outgoing":[{"resourceId":"sequenceFlow18"}],"dockers":[],"labels":[{"styles":{"fill":"#000000","size":"12","italic":false,"bold":false},"ref":"text_name"},{"styles":{"fill":"#000000","size":"12","italic":false,"bold":false},"ref":"_oryx_452B3238-6AD6-4016-9A68-AD2CEAE939F5_23"}]},{"resourceId":"sequenceFlow18","stencil":{"id":"SequenceFlow"},"pathProperties":{},"xmlProperties":[],"childShapes":[],"bounds":{"lowerRight":{"x":283,"y":201},"upperLeft":{"x":237,"y":201}},"outputmappingproperties":{"fields":{"type":"complex","placeholders":[]},"executionlistener":{"type":"complex","placeholders":[]}},"properties":{"stencilid":"SequenceFlow","stencilsuperid":"SequenceFlow","stencilsuperids":["SequenceFlow"],"customstencil":false,"bordercolor":"#000000","notes":"","executionlistener":"","name":"","name-run":"","id":"sequenceFlow18","bgcolor":"#ffffff","documentation":"","fontsize":"12","fontweight":"normal","fontstyle":"normal","fontcolor":"#000000","conditionexpression":"","skipexpression":"","showdiamondmarker":false,"defaultflow":false,"xmlTag":"SequenceFlow"},"ssextensions":[],"outgoing":[{"resourceId":"parallelGateway1"}],"dockers":[{"x":50,"y":40},{"x":20,"y":20}],"labels":[{"styles":{"fill":"#000000","size":"12","italic":false,"bold":false},"ref":"text_name"}],"target":{"resourceId":"parallelGateway1"}}],"bounds":{"lowerRight":{"x":1485,"y":1050},"upperLeft":{"x":0,"y":0}},"specialproperties":{"securitypolicy":{"type":"treeview"}},"outputmappingproperties":{"fields":{"type":"complex","placeholders":[]},"executionlistener":{"type":"complex","placeholders":[]},"dataproperties":{"type":"complex","placeholders":[]},"namespaces":{"type":"complex","placeholders":[]},"eventlisteners":{"type":"complex","placeholders":[]},"signaldefinitions":{"type":"complex","placeholders":[]},"messagedefinitions":{"type":"complex","placeholders":[]}},"properties":{"stencilid":"BPMNDiagram","stencilsuperid":"BPMNDiagram","stencilsuperids":["BPMNDiagram"],"customstencil":false,"executionlistener":"","notes":"","dataproperties":"","owner":"","owner-run":"","assignee":"","assignee-run":"","participantusers":"","participantusers-run":"","participantgroups":"","participantgroups-run":"","watcherusers":"","watcherusers-run":"","watchergroups":"","watchergroups-run":"","name":"Signal process","id":"SIG_P001","bgcolor":"#ffffff","documentation":"","fontsize":"12","fontweight":"normal","fontstyle":"normal","fontcolor":"#000000","labelexpression":"","name_en_us":"","name_de_de":"","name_fr_fr":"","name_it_it":"","name_es_es":"","name_i18n-key":"","guid":"PROCESS_MODEL-96899a45-878c-40c3-b631-c4bde0a93ef4","author":"","language":"English","namespaces":"","creationdate":"2021-10-27T05:30:15.241Z","modificationdate":"2021-10-27T05:45:04.866Z","processinstancename":"","processinstancename_en_us":"","processinstancename_en_us-run":"","processinstancename_de_de":"","processinstancename_de_de-run":"","processinstancename_fr_fr":"","processinstancename_fr_fr-run":"","processinstancename_it_it":"","processinstancename_it_it-run":"","processinstancename_es_es":"","processinstancename_es_es-run":"","processinstancename-run":"","processinstancename_i18n-key":"","isprocessexecutable":true,"securitypolicy":"","customfolderpath":"","process_potentialstarteruser":"","process_potentialstarteruser-run":"","process_potentialstartergroup":"flowableUser","process_potentialstartergroup-run":"","do-not-inherit-start-user-as-owner":"","do-not-inherit-start-user-as-assignee":"","process_namespace":"","process_historylevel":"","eventlisteners":"","signaldefinitions":"","messagedefinitions":"","iseagerexecutionfetch":false,"initiator":"","version":"","process_author":"","xmlTag":"BPMNDiagram","description":""},"ssextensions":[],"stencilset":{"url":"./app/editor_stencilset","paletteKey":"flowable-process-palette","namespace":"http://b3mn.org/stencilset/bpmn2.0#"}}}